675,   0.584,  9.855, -1.092
675,   0.699,  9.644, -1.140
675,   0.939,  9.519, -1.255
675,   1.245,  9.462, -1.331
690,   1.590,  9.404, -1.389
702,   1.906,  9.395, -1.302
706,   2.107,  9.462, -1.159
706,   2.270,  9.452, -1.006
708,   2.394,  9.510, -0.747
714,   2.480,  9.634, -0.460
720,   2.490,  9.692, -0.220
723,   2.404,  9.663, -0.010
723,   2.279,  9.529,  0.000
730,   2.136,  9.414, -0.086
738,   2.002,  9.376, -0.134
748,   1.925,  9.357, -0.249
748,   1.839,  9.433, -0.373
748,   1.762,  9.491, -0.565
750,   1.762,  9.519, -0.632
754,   1.733,  9.586, -0.536
757,   1.666,  9.673, -0.488
757,   1.580,  9.759, -0.498
774,   1.561,  9.759, -0.527
774,   1.494,  9.682, -0.622
776,   1.427,  9.548, -0.728
784,   1.456,  9.577, -0.747
788,   1.494,  9.740, -0.594
794,   1.523,  9.969, -0.431
794,   1.733, 10.238, -0.230
809,   1.772, 10.180, -0.278
809,   1.762, 10.017, -0.393
809,   1.743,  9.874, -0.517
810,   1.705,  9.682, -0.527
814,   1.686,  9.510, -0.479
827,   1.647,  9.309, -0.354
830,   1.724,  9.041, -0.201
837,   1.848,  8.878, -0.134
837,   2.049,  8.897, -0.048
843,   2.164,  9.146,  0.067
853,   2.251,  9.395,  0.259
858,   2.155,  9.663,  0.412
858,   2.002,  9.874,  0.498
860,   1.753,  9.922,  0.431
865,   1.484,  9.787,  0.326
870,   1.216,  9.424,  0.105
873,   0.977,  8.897, -0.306
875,   0.737,  8.485, -0.699
875,   0.642,  8.322, -1.034
883,   0.642,  8.543, -1.073
888,   0.680,  8.993, -0.862
888,   0.757,  9.519, -0.508
891,   0.852, 10.123, -0.220
891,   0.862, 10.400, -0.172
891,   0.910, 10.314, -0.421
891,   0.986, 10.113, -0.986
913,   1.149, 10.017, -1.580
923,   1.398, 10.381, -2.002
923,   1.628, 11.176, -1.954
928,   1.772, 12.287, -1.618
935,   1.848, 13.609, -1.226
935,   1.925, 15.131, -0.737
948,   2.030, 16.635, -0.603
948,   2.184, 18.091, -0.881
948,   2.375, 18.818, -1.398
953,   2.614, 19.182, -1.800
956,   3.074, 18.780, -1.887
963,   3.773, 17.018, -1.264
963,   4.578, 15.151,  0.469
966,   5.612, 13.570,  2.691
970,   6.378, 12.230,  3.802
973,   6.445, 10.898,  2.404
989,   3.850,  9.328, -1.571
993,   2.308,  9.491, -1.130
1003,   1.168,  9.692, -0.182
1009,   0.373,  9.816,  0.603
1013,  -0.211,  9.931,  1.092
1018,  -0.546, 10.199,  1.408
1023,  -0.613, 10.487,  1.733
1032,  -0.450, 10.678,  1.963
1039,   0.000, 10.707,  1.877
1039,   0.565, 10.544,  1.302
1047,   1.197, 10.400,  0.642
1053,   1.733, 10.458, -0.096
1063,   2.126, 10.534, -0.565
1067,   2.365, 10.525, -0.785
1073,   2.308, 10.372, -0.766
1079,   2.136, 10.199, -0.632
1079,   1.839, 10.008, -0.498
1085,   1.427,  9.855, -0.297
1093,   1.053,  9.826, -0.546
1097,   0.613,  9.864, -1.389
1107,   0.373,  9.912, -1.925
1107,   0.699, 10.027, -1.590
1115,   1.302, 10.305, -0.948
1141,   1.839, 10.487, -0.364
1141,   2.289, 10.573, -0.086
1141,   2.528, 10.707,  0.038
1141,   2.404, 10.726,  0.000
1141,   1.896, 10.783,  0.029
1143,   1.264, 10.697,  0.259
1144,   0.843, 10.429,  0.709
1156,   0.565, 10.094,  1.044
1158,   0.278,  9.682,  1.216
1168,  -0.134,  9.500,  1.034
1175,  -0.699,  9.644,  0.776
1175,  -1.465,  9.979,  0.603
1178,  -2.145, 10.582,  0.498
1193,  -2.567, 11.186,  0.546
1200,  -2.385, 11.674,  0.737
1200,  -1.686, 11.933,  1.264
1200,  -0.642, 11.483,  1.935
1210,   0.393, 10.563,  2.231
1213,   1.427,  9.740,  2.528
1213,   2.241,  9.232,  2.672
1216,   2.749,  8.897,  2.519
1225,   2.902,  8.715,  2.164
1233,   2.576,  8.648,  1.580
1243,   1.839,  8.705,  0.565
1248,   0.594,  9.108, -1.140
1248,   0.192,  9.424, -1.188
1251,  -0.067,  9.222, -1.092
1253,  -0.163,  8.849, -1.130
1260,  -0.239,  8.370, -1.044
1265,  -0.249,  7.891, -1.465
1273,  -0.124,  7.508, -1.686
1273,   0.115,  7.336, -1.561
1283,   0.354,  7.326,  0.862
1289,   0.517,  7.010,  2.452
1289,   0.546,  6.541,  3.400
1293,   0.460,  6.139,  3.745
1299,   0.287,  6.005,  3.467
1299,   0.105,  6.081,  2.940
1305,  -0.134,  6.129,  2.136
1309,  -0.431,  6.072,  1.398
1329,  -0.613,  5.938,  0.785
1329,  -0.737,  5.717,  0.527
1339,  -0.804,  5.373,  0.383
1353,  -0.766,  4.932,  0.383
1360,  -0.622,  4.463,  0.259
1370,  -0.326,  4.089,  0.134
1380,  -0.105,  3.879,  0.096
1390,  -0.057,  3.716,  0.249
1409,  -0.038,  3.668,  0.555
1416,  -0.029,  3.888,  2.212
1426,   0.019,  4.252,  3.256
1436,   0.048,  4.683,  3.984
1447,   0.029,  5.133,  4.214
1456,   0.019,  5.612,  3.917
1466,   0.019,  5.880,  3.179
1476,   0.048,  6.091,  2.480
1486,   0.211,  6.359,  2.049
1496,   0.354,  6.493,  2.088
1506,   0.450,  6.416,  2.433
1516,   0.441,  6.282,  2.672
1526,   0.259,  6.369,  2.835
1536,  -0.057,  6.560,  2.461
1549,  -0.613,  6.790,  1.638
1562,  -1.245,  7.068,  0.747
1568,  -1.523,  7.451, -0.469
1578,  -1.417,  7.910, -0.919
1588,  -0.977,  8.045,  0.038
1598,  -0.575,  8.159,  1.609
1610,  -0.326,  8.466,  3.275
1619,  -0.172,  8.667,  4.626
1629,  -0.153,  8.878,  5.669
1638,  -0.230,  8.868,  6.177
1651,  -0.259,  8.705,  5.976
1660,  -0.297,  8.523,  5.468
1669,  -0.192,  8.284,  5.037
1679,  -0.096,  8.006,  4.578
1689,   0.029,  7.796,  4.175
1699,   0.201,  7.748,  4.156
1709,   0.287,  8.006,  4.338
1719,   0.134,  8.447,  4.894
1729,  -0.144,  8.830,  4.875
1738,  -0.268,  8.983,  3.831
1748,  -0.565,  8.954,  3.955
1760,  -0.891,  9.050,  3.821
1774,  -1.168,  8.954,  3.256
1781,  -1.255,  8.696,  3.045
1791,  -1.216,  8.361,  3.026
1801,  -1.130,  8.255,  3.390
1811,  -1.130,  8.274,  3.735
1820,  -1.322,  8.322,  3.994
1830,  -1.484,  8.475,  4.233
1840,  -1.551,  8.619,  4.386
1850,  -1.618,  8.734,  4.338
1862,  -1.705,  8.801,  4.616
1871,  -1.963,  8.734,  5.392
1881,  -1.647,  8.571,  3.764
1891,  -1.532,  8.514,  3.974
1901,  -1.781,  8.475,  3.371
1911,  -2.059,  8.667,  2.873
1924,  -2.136,  8.973,  2.452
1933,  -1.963,  9.041,  2.806
1943,  -1.887,  9.021,  3.323
1953,  -1.820,  8.887,  3.668
1963,  -1.791,  8.648,  3.103
1973,  -1.820,  8.562,  2.911
1987,  -2.040,  8.533,  3.084
1996,  -2.538,  8.456,  3.563
2006,  -2.710,  8.581,  2.854
2015,  -2.672,  8.389,  2.959
2026,  -2.787,  8.131,  2.892
2036,  -2.931,  7.805,  2.538
2046,  -2.892,  7.690,  2.279
2055,  -2.720,  7.949,  2.241
2067,  -2.586,  8.734,  2.720
2076,  -2.576,  9.357,  2.950
2086,  -2.614,  9.720,  3.036
2096,  -2.682,  9.874,  3.065
2106,  -2.643,  9.701,  2.950
2116,  -2.643,  9.424,  2.883
2126,  -2.662,  9.280,  3.132
2136,  -2.624,  9.625,  3.505
2145,  -1.666,  9.280,  1.245
2155,  -1.063,  9.280,  1.791
2168,  -0.824,  9.663,  2.940
2178,  -0.785, 10.046,  3.802
2187,  -0.939, 10.132,  4.271
2206,  -1.140, 10.008,  4.223
2209,  -1.427,  9.922,  3.926
2218,  -1.810,  9.912,  3.486
2228,  -1.992,  9.969,  3.026
2238,  -1.982,  9.998,  2.634
2248,  -1.867,  9.979,  2.413
2257,  -1.695,  9.835,  2.423
2268,  -1.408,  9.730,  2.547
2278,  -0.986,  9.740,  2.701
2288,  -0.536,  9.893,  2.825
2298,  -0.105, 10.199,  3.065
2308,   0.421, 10.736,  3.266
2320,   0.412, 10.908,  3.218
2330,   0.220, 11.061,  2.950
2340,  -0.077, 11.004,  2.509
2349,  -0.546, 10.745,  1.992
2359,  -0.939, 10.362,  1.379
2370,  -1.245, 10.151,  0.919
2380,  -1.437, 10.104,  0.613
2390,  -1.513, 10.238,  0.469
2404,  -1.398, 10.582,  0.632
2410,  -1.274, 11.042,  0.900
2420,  -1.006, 11.665,  1.235
2430,  -0.508, 12.306,  1.628
2440,  -0.038, 12.890,  2.231
2452,   0.316, 13.312,  3.218
2461,   0.555, 13.542,  4.281
2471,   0.584, 13.657,  4.970
2481,   0.488, 13.819,  4.846
2491,   0.163, 13.848,  4.147
2503,   0.000, 13.982,  3.361
2515,  -0.115, 14.116,  2.691
2525,  -0.134, 14.317,  2.069
2538,  -0.048, 14.557,  1.647
2546,   0.029, 14.758,  1.188
2556,   0.172, 14.892,  0.871
2566,   0.316, 14.787,  0.594
2576,   0.364, 14.518,  0.383
2586,   0.297, 14.107,  0.239
2596,   0.144, 13.388,  0.316
2610,   0.259, 13.187,  0.680
2616,   0.450, 13.005,  1.159
2626,   0.718, 12.747,  1.800
2636,   0.977, 12.459,  2.423
2646,   1.159, 12.143,  2.988
2656,   1.341, 11.818,  3.179
2666,   1.226, 11.530,  3.007
2677,   0.977, 11.320,  2.576
2687,   0.584, 11.195,  1.925
2697,   0.163, 11.013,  1.350
2707,  -0.239, 10.851,  0.824
2717,  -0.565, 10.649,  0.431
2882,  -0.766, 10.420,  0.086
2882,  -0.575, 10.285, -0.105
2882,  -0.211, 10.084, -0.163
2884,   0.153,  9.855, -0.172
2884,   0.488,  9.653, -0.115
2884,   0.699,  9.567,  0.057
2884,   0.871,  9.548,  0.211
2884,   0.958,  9.586,  0.345
2891,   1.006,  9.682,  0.460
2891,   1.044,  9.768,  0.546
2901,   1.025,  9.835,  0.603
2904,   1.025,  9.874,  0.718
2904,   0.986,  9.979,  0.919
2919,   0.958, 10.218,  1.197
2923,   1.015, 10.640,  1.446
2929,   1.063, 11.157,  1.743
2929,   1.082, 11.454,  2.116
2933,   1.120, 11.463,  2.461
2939,   1.092, 11.080,  2.758
2939,   1.073, 10.420,  2.892
2945,   0.900,  9.567,  2.806
2951,   0.737,  8.801,  2.442
2951,   0.536,  8.456,  1.992
2965,   0.335,  8.638,  1.484
2970,   0.182,  9.184,  0.929
2982,   0.124,  9.807,  0.335
2991,   0.144, 10.372, -0.326
3000,   0.182, 10.525, -0.967
3010,   0.201, 10.036, -1.245
3020,   0.268,  9.060, -1.092
3030,   0.345,  8.064, -0.747
3040,   0.441,  7.259, -0.316
3050,   0.431,  6.646, -0.067
3060,   0.373,  6.196,  0.077
3070,   0.211,  6.053,  0.105
3087,  -0.010,  6.043,  0.019
3091,  -0.134,  5.909, -0.048
3101,  -0.163,  5.593, -0.067
3111,  -0.134,  5.124,  0.124
3121,  -0.010,  4.606,  0.220
3131,   0.096,  3.994,  0.364
3141,   0.287,  3.438,  0.421
3155,   0.622,  3.160,  0.728
3164,   0.709,  3.486,  0.929
3174,   0.891,  4.022,  1.216
3187,   1.216,  4.721,  1.571
3195,   1.494,  5.698,  2.040
3205,   1.724,  6.972,  2.634
3215,   1.781,  8.207,  3.122
3225,   1.733,  9.098,  3.285
3235,   1.542,  9.548,  3.122
3244,   1.188,  9.749,  2.768
3254,   0.814,  9.730,  2.461
3264,   0.354,  9.586,  2.337
3278,  -0.192,  9.242,  2.394
3290,  -0.804,  8.696,  2.327
3300,  -1.255,  8.207,  1.973
3311,  -1.484,  7.910,  1.389
3316,  -1.484,  7.853,  0.699
3326,  -1.360,  8.025,  0.029
3336,  -1.111,  8.380, -0.517
3346,  -0.747,  8.782, -0.757
3526,  -0.412,  9.395, -0.843
3526,   0.010,  9.902, -0.766
3526,   0.364, 10.104, -0.421
3526,   0.680, 10.017,  0.010
3526,   1.025,  9.864,  0.661
3526,   0.996,  9.510,  1.523
3530,   0.766,  9.098,  2.318
3533,   0.575,  8.686,  2.950
3538,   0.450,  8.533,  3.543
3538,   0.373,  8.571,  3.955
3545,   0.297,  8.763,  4.099
3548,   0.345,  9.031,  4.032
3553,   0.441,  9.242,  3.812
3565,   0.517,  9.337,  3.352
3566,   0.575,  9.385,  2.749
3566,   0.527,  9.280,  2.059
3566,   0.335,  9.098,  1.360
3568,   0.211,  8.964,  0.536
3575,   0.048,  8.705,  0.019
3583,  -0.144,  8.610, -0.412
3589,  -0.259,  8.734, -0.603
3593,  -0.211,  8.916, -0.680
3597,  -0.077,  9.146, -0.249
3597,   0.010,  9.261,  0.297
3678,   0.259,  9.328,  0.939
3678,   0.354,  9.337,  1.791
3678,   0.383,  9.270,  2.662
3678,   0.230,  9.165,  3.467
3678,  -0.163,  9.088,  3.888
3678,  -0.718,  8.983,  3.859
3678,  -1.312,  8.916,  3.572
3678,  -1.743,  8.897,  3.371
3695,  -1.858,  9.041,  3.160
3700,  -1.800,  9.213,  2.873
3700,  -1.695,  9.175,  2.528
3710,  -1.465,  9.060,  2.203
3720,  -1.207,  8.887,  1.753
3734,  -1.063,  8.801,  1.561
3741,  -0.996,  8.638,  1.762
3751,  -1.006,  8.504,  1.887
3761,  -1.044,  8.389,  1.887
3770,  -0.939,  8.198,  1.992
3780,  -0.718,  8.035,  2.097
3790,  -0.402,  8.140,  1.954
3867,  -0.153,  8.485,  1.944
3867,  -0.019,  8.897,  1.944
3874,  -0.010,  9.491,  1.982
3875,  -0.096, 10.027,  2.164
3877,  -0.297, 10.276,  2.356
3878,  -0.316, 10.104,  2.825
3883,  -0.326,  9.864,  3.266
3883,  -0.345,  9.807,  3.515
3919,  -0.479,  9.816,  3.294
3919,  -0.766,  9.797,  2.787
3922,  -1.178,  9.720,  2.461
3922,  -1.657,  9.730,  2.251
3922,  -1.935,  9.845,  2.145
3932,  -1.867,  9.969,  2.231
3947,  -1.475, 10.199,  2.605
3955,  -1.053, 10.783,  2.902
3963,  -0.919, 11.349,  2.940
3985,  -1.111, 11.588,  2.720
3985,  -1.504, 11.588,  2.538
3994,  -1.800, 11.483,  2.375
4013,  -1.676, 11.272,  2.643
4017,  -1.226, 11.176,  3.045
4025,  -0.776, 11.550,  3.333
4035,  -0.594, 13.187,  3.218
4045,  -0.680, 14.059,  2.978
4137,  -0.843, 14.691,  2.854
4137,  -1.053, 14.978,  2.739
4137,  -1.255, 14.949,  2.567
4138,  -1.484, 14.796,  2.461
4138,  -1.561, 14.461,  2.528
4143,  -1.523, 14.087,  2.739
4146,  -1.427, 13.915,  3.026
4155,  -1.159, 13.858,  3.515
4155,  -0.891, 13.877,  3.965
4155,  -0.661, 13.915,  4.271
4173,  -0.594, 13.762,  4.175
4173,  -0.766, 13.408,  3.687
4180,  -1.101, 13.005,  3.026
4190,  -1.551, 12.613,  2.365
4203,  -1.925, 12.210,  1.887
4213,  -2.260, 11.952,  1.676
4219,  -2.346, 11.645,  1.733
4227,  -2.212, 11.253,  1.906
4237,  -2.097, 10.860,  2.164
4247,  -1.982, 10.621,  2.461
4261,  -1.762, 10.611,  2.586
4267,  -1.628, 10.697,  2.777
4280,  -1.484, 10.822,  2.883
4287,  -1.379, 10.822,  2.835
4297,  -1.283, 10.688,  2.777
4307,  -1.178, 10.477,  2.739
4318,  -0.986, 10.314,  2.710
4328,  -0.929, 10.151,  2.758
4338,  -0.929,  9.969,  2.729
4348,  -1.140,  9.816,  2.500
4361,  -1.398,  9.606,  2.184
4368,  -1.686,  9.357,  1.906
4378,  -1.935,  9.041,  1.657
4388,  -1.973,  8.763,  1.618
4401,  -1.839,  8.629,  2.002
4410,  -1.571,  8.600,  2.538
4419,  -1.379,  8.610,  3.141
4429,  -1.235,  8.581,  3.524
4439,  -1.120,  8.562,  3.697
4449,  -1.111,  8.619,  3.601
4459,  -1.140,  8.686,  3.438
4468,  -1.226,  8.705,  3.256
4481,  -1.197,  8.590,  2.998
4490,  -1.149,  8.322,  2.720
4500,  -1.120,  8.016,  2.413
4510,  -1.159,  7.537,  2.184
4525,  -1.101,  7.326,  1.906
4530,  -0.967,  7.317,  1.628
4542,  -0.862,  7.556,  1.676
4551,  -0.891,  7.815,  1.973
4561,  -0.986,  7.815,  2.193
4574,  -1.302,  7.096,  2.729
4581,  -1.235,  6.503,  2.959
4591,  -1.159,  5.880,  3.036
4601,  -1.082,  5.440,  3.074
4615,  -0.900,  5.085,  3.112
4621,  -0.785,  4.808,  3.065
4631,  -0.766,  4.664,  2.768
4648,  -0.871,  4.520,  2.318
4650,  -1.053,  4.424,  1.762
4660,  -1.140,  4.310,  1.341
4675,  -1.178,  4.195,  1.034
4682,  -1.130,  3.974,  0.977
4692,  -0.939,  3.697,  0.977
4701,  -0.670,  3.457,  1.053
4711,  -0.421,  3.400,  1.350
4724,  -0.220,  3.486,  1.609
4732,   0.038,  3.716,  1.858
4742,   0.268,  4.089,  1.935
4752,   0.412,  4.559,  1.867
4762,   0.239,  5.162,  1.666
4782,  -0.144,  5.756,  1.666
4782,  -0.651,  6.369,  1.753
4795,  -1.073,  6.905,  1.896
4803,  -1.389,  7.412,  1.982
4820,  -1.551,  7.834,  2.260
4826,  -1.676,  8.102,  2.528
4839,  -1.762,  8.485,  2.863
4844,  -1.829,  8.983,  3.208
4854,  -1.915,  9.395,  3.534
4873,  -1.992,  9.653,  3.831
4881,  -1.944,  9.538,  4.156
4887,  -1.858,  9.261,  4.223
4897,  -1.781,  9.146,  3.907
4907,  -1.724,  9.203,  3.342
4917,  -1.580,  9.357,  2.749
4926,  -1.542,  9.548,  2.279
4935,  -1.513,  9.778,  1.954
4954,  -1.599, 10.065,  2.442
4964,  -1.504,  9.989,  2.729
4976,  -1.274,  9.855,  2.959
4990,  -1.063,  9.692,  3.055
4997,  -0.939,  9.538,  2.883
5011,  -1.006,  9.443,  2.624
5018,  -1.216,  9.376,  2.385
5030,  -1.398,  9.519,  2.193
5045,  -1.513,  9.682,  2.145
5049,  -1.484,  9.855,  2.356
5056,  -1.293,  9.989,  2.691
5071,  -1.073, 10.084,  3.103
5084,  -0.996, 10.017,  3.361
5089,  -1.274,  9.653,  2.931
5101,  -1.408,  9.634,  2.595
5110,  -1.465,  9.740,  2.251
5117,  -1.484,  9.768,  2.097
5133,  -1.465,  9.634,  2.097
5138,  -1.494,  9.443,  2.251
5147,  -1.551,  9.299,  2.595
5160,  -1.532,  9.414,  2.959
5173,  -1.475,  9.634,  3.132
5177,  -1.513,  9.816,  3.122
5187,  -1.599,  9.941,  2.950
5201,  -1.676,  9.912,  2.863
5214,  -1.791,  9.768,  2.969
5218,  -1.762,  9.653,  3.103
5228,  -1.781,  9.653,  3.227
5238,  -1.695,  9.816,  3.256
5248,  -1.599, 10.056,  3.141
5258,  -1.599, 10.190,  2.998
5268,  -1.609, 10.142,  2.854
5278,  -1.686,  9.922,  2.729
5288,  -1.820,  9.596,  2.634
5298,  -1.839,  9.261,  2.614
5315,  -1.743,  9.031,  2.701
5321,  -1.638,  9.050,  2.796
5329,  -1.523,  9.290,  2.892
5342,  -1.427,  9.644,  3.093
5351,  -1.369,  9.874,  3.170
5361,  -1.322,  9.922,  3.179
5370,  -1.293,  9.778,  3.151
5382,  -1.197,  9.586,  3.112
5392,  -1.082,  9.510,  3.074
5416,  -1.063,  9.538,  3.026
5418,  -1.111,  9.606,  2.978
5423,  -1.274,  9.634,  2.873
5436,  -1.475,  9.634,  2.720
5439,  -1.743,  9.548,  2.749
5455,  -2.011,  9.337,  2.940
5461,  -2.260,  9.251,  3.122
5475,  -2.413,  9.290,  3.285
5481,  -2.547,  9.328,  3.409
5494,  -2.519,  9.452,  3.256
5503,  -2.442,  9.510,  3.093
5513,  -2.270,  9.548,  2.959
5525,  -2.193,  9.443,  2.835
5533,  -2.155,  9.203,  2.720
5543,  -1.877,  8.945,  2.739
5552,  -1.561,  8.830,  2.816
5562,  -1.322,  8.926,  2.959
5571,  -1.188,  9.213,  2.863
5581,  -1.216,  9.452,  2.653
6853,  -1.408,  9.663,  2.404
6853,  -1.580,  9.586,  2.624
6853,  -1.724,  9.634,  2.643
6853,  -1.800,  9.730,  2.816
6853,  -1.791,  9.864,  2.796
6865,  -1.820,  9.864,  2.634
6880,  -1.982,  9.874,  2.385
6883,  -2.049,  9.845,  2.413
6892,  -2.069,  9.950,  2.576
6897,  -2.021, 10.190,  2.854
6902,  -1.954, 10.649,  3.151
6909,  -1.935, 11.147,  3.333
6913,  -1.963, 11.540,  3.294
6920,  -2.040, 11.837,  3.342
6925,  -2.155, 12.057,  3.361
6929,  -2.279, 12.268,  3.457
6936,  -2.346, 12.479,  3.428
6936,  -2.461, 12.737,  3.486
6936,  -2.557, 13.120,  3.601
6944,  -2.442, 13.245,  3.773
6954,  -2.404, 13.101,  3.706
6960,  -2.528, 12.785,  3.438
6968,  -2.844, 12.565,  3.400
6976,  -3.285, 12.258,  2.758
6980,  -3.706, 12.249,  2.701
6981,  -3.984, 12.354,  2.796
6988,  -4.118, 12.402,  3.103
6995,  -4.080, 12.479,  3.706
6995,  -3.716, 12.297,  3.639
6995,  -3.333, 12.239,  3.955
7008,  -3.093, 12.115,  4.032
7011,  -2.863, 11.981,  3.543
7018,  -2.701, 11.665,  3.017
7023,  -2.586, 11.358,  2.749
7028,  -2.519, 11.138,  2.749
7031,  -2.471, 10.985,  2.720
7041,  -2.500, 10.937,  2.816
7045,  -2.624, 10.793,  2.863
7051,  -2.787, 10.697,  2.931
7051,  -2.911, 10.649,  3.361
7065,  -2.873, 10.534,  3.428
7068,  -2.662, 10.305,  3.218
7073,  -2.433, 10.065,  3.103
7083,  -2.279,  9.740,  2.883
7083,  -2.097,  9.424,  2.538
7088,  -2.002,  9.041,  2.327
7098,  -1.973,  8.801,  2.365
7101,  -1.944,  8.724,  2.576
7104,  -2.088,  8.887,  2.720
7117,  -2.260,  9.098,  2.892
7118,  -2.404,  9.203,  3.112
7125,  -2.490,  9.251,  3.218
7125,  -2.528,  9.050,  3.247
7125,  -2.423,  8.705,  3.323
7135,  -2.241,  8.294,  3.390
7142,  -2.059,  7.939,  3.419
7144,  -1.906,  7.690,  3.448
7152,  -1.848,  7.547,  3.409
7155,  -1.963,  7.575,  3.390
7160,  -2.375,  7.843,  3.419
7162,  -2.413,  7.872,  3.658
7165,  -2.251,  7.920,  3.869
7168,  -2.011,  7.882,  4.128
7175,  -1.753,  7.728,  4.214
7181,  -1.446,  7.508,  4.137
7181,  -1.235,  7.230,  4.041
7191,  -1.168,  6.905,  3.955
7194,  -1.331,  6.665,  3.840
7196,  -1.599,  6.455,  3.668
7196,  -1.810,  6.349,  3.582
7202,  -2.069,  6.349,  3.639
7206,  -2.337,  6.455,  3.783
7212,  -2.567,  6.522,  3.965
7216,  -2.567,  6.560,  4.061
7225,  -2.471,  6.512,  4.128
7225,  -2.356,  6.311,  3.984
7233,  -2.241,  6.043,  3.620
7238,  -2.059,  5.717,  3.266
7243,  -1.915,  5.420,  3.179
7248,  -1.877,  5.267,  3.227
7253,  -1.791,  5.095,  3.285
7258,  -1.705,  4.750,  3.256
7258,  -1.599,  4.290,  3.036
7263,  -1.437,  3.773,  2.701
7274,  -1.322,  3.304,  2.251
7274,  -1.255,  2.978,  1.839
7274,  -1.302,  2.825,  1.427
7283,  -1.532,  2.998,  1.140
7283,  -1.724,  3.294,  1.111
7283,  -1.676,  3.582,  1.379
7293,  -1.427,  3.802,  1.896
7293,  -1.063,  3.994,  2.528
7296,  -0.680,  4.061,  3.112
7296,  -0.594,  4.156,  3.342
7301,  -0.824,  4.405,  3.266
7301,  -1.331,  4.731,  3.141
7304,  -1.935,  5.258,  3.055
7320,  -2.557,  5.880,  3.045
7329,  -3.112,  6.675,  3.208
7336,  -3.476,  7.451,  3.658
7343,  -3.764,  8.102,  4.185
7348,  -3.946,  8.514,  4.616
7349,  -3.869,  8.447,  4.788
7353,  -3.706,  8.102,  4.769
7360,  -3.486,  7.776,  4.578
7363,  -3.285,  7.614,  4.271
7371,  -3.112,  7.719,  3.907
7373,  -2.873,  8.045,  3.792
7380,  -2.547,  8.495,  3.917
7386,  -2.231,  8.897,  4.022
7391,  -1.944,  9.184,  4.013
7397,  -1.724,  9.290,  3.926
7407,  -1.848,  9.213,  3.448
7410,  -1.954,  9.136,  3.342
7418,  -2.174,  9.050,  3.381
7427,  -2.423,  8.935,  3.572
7433,  -2.691,  8.734,  3.572
7437,  -2.844,  8.600,  3.563
7444,  -2.844,  8.475,  3.649
7447,  -2.710,  8.543,  3.792
7450,  -2.557,  8.753,  4.128
7460,  -2.385,  9.060,  4.405
7470,  -2.346,  9.337,  4.357
7475,  -2.365,  9.519,  4.051
7480,  -2.423,  9.586,  3.601
7484,  -2.442,  9.596,  3.160
7487,  -2.423,  9.471,  3.026
7506,  -2.423,  9.395,  3.208
7507,  -2.500,  9.270,  3.582
7507,  -2.634,  9.108,  3.869
7516,  -2.691,  9.041,  3.965
7520,  -2.653,  9.012,  3.984
7528,  -2.614,  9.069,  3.888
7533,  -2.509,  9.136,  3.792
7538,  -2.461,  9.136,  3.716
7548,  -2.375,  9.165,  3.735
7548,  -2.184,  9.242,  3.840
7553,  -1.877,  9.357,  3.783
7563,  -1.609,  9.424,  3.677
7563,  -1.542,  9.491,  3.419
7568,  -1.772,  9.519,  3.093
7573,  -2.069,  9.567,  2.883
7581,  -2.375,  9.711,  2.796
7585,  -2.605,  9.366,  3.007
7591,  -2.433,  8.935,  3.333
7591,  -2.136,  8.552,  3.677
7595,  -1.915,  8.380,  3.888
7605,  -1.800,  8.447,  3.831
7605,  -1.772,  8.715,  3.534
7613,  -1.666,  9.050,  3.132
7622,  -1.647,  9.309,  2.863
7622,  -1.657,  9.385,  2.739
7622,  -1.791,  9.290,  2.787
7625,  -1.896,  9.165,  2.883
7625,  -1.944,  9.136,  3.045
7645,  -1.973,  9.261,  3.256
7649,  -1.992,  9.510,  3.438
7659,  -2.107,  9.653,  3.524
7663,  -2.318,  9.759,  3.476
7673,  -2.605,  9.644,  3.476
7675,  -2.787,  9.452,  3.467
7683,  -2.768,  9.270,  3.496
7683,  -2.519,  9.069,  3.400
7683,  -2.155,  9.002,  3.352
7693,  -1.743,  8.993,  3.218
7702,  -1.513,  9.136,  3.093
7719,  -1.484,  9.309,  2.921
7719,  -1.532,  9.424,  2.931
7725,  -1.580,  9.548,  2.940
7745,  -1.580,  9.663,  3.055
7745,  -1.638,  9.567,  3.036
7750,  -1.676,  9.452,  2.806
7753,  -1.877,  9.270,  2.500
7755,  -2.136,  9.021,  2.337
7768,  -2.308,  8.897,  2.308
7775,  -2.404,  8.887,  2.547
7778,  -2.251,  8.887,  2.978
7781,  -2.002,  8.983,  3.409
7791,  -1.839,  9.251,  3.572
7796,  -1.676,  9.481,  3.448
7801,  -1.571,  9.673,  3.074
7808,  -1.561,  9.807,  2.662
7816,  -1.676,  9.759,  2.423
7823,  -1.915,  9.682,  2.318
7838,  -2.394,  9.424,  2.318
7838,  -2.394,  9.424,  2.318
7858,  -2.567,  9.318,  2.356
7861,  -2.480,  9.481,  2.452
7866,  -2.308,  9.663,  2.605
7885,  -2.193,  9.778,  2.816
7898,  -2.069,  9.902,  3.151
7898,  -2.069, 10.056,  3.266
7904,  -2.126, 10.228,  3.227
7912,  -2.260, 10.496,  3.017
7918,  -2.385, 10.745,  2.844
7926,  -2.461, 10.965,  2.816
7933,  -2.490, 11.167,  2.931
7935,  -2.461, 11.243,  3.141
7943,  -2.375, 11.310,  3.400
7950,  -2.260, 11.540,  3.534
7952,  -2.203, 11.866,  3.601
7958,  -2.193, 12.277,  3.572
7965,  -2.251, 12.814,  3.601
7968,  -2.413, 13.312,  3.524
7972,  -2.777, 13.570,  3.314
7980,  -3.141, 13.628,  3.199
7989,  -3.467, 13.398,  3.132
7993,  -3.630, 13.111,  3.275
8000,  -3.745, 12.833,  3.534
8005,  -3.831, 12.574,  3.773
8020,  -3.668, 12.412,  3.840
8025,  -3.371, 12.220,  3.668
8030,  -2.988, 12.048,  3.476
8045,  -2.662, 12.076,  3.409
8050,  -2.519, 12.124,  3.390
8058,  -2.528, 12.172,  3.371
8063,  -2.595, 12.163,  3.275
8068,  -2.749, 12.115,  2.863
8076,  -2.854, 11.990,  2.442
8078,  -2.739, 11.789,  2.385
8086,  -2.595, 11.559,  2.720
8088,  -2.538, 11.138,  3.381
8096,  -2.605, 10.736,  4.022
8098,  -2.749, 10.362,  3.850
8103,  -2.940, 10.056,  3.055
8103,  -3.007,  9.835,  2.500
8118,  -2.921,  9.701,  2.184
8121,  -2.538,  9.663,  2.203
8124,  -2.011,  9.596,  2.404
8134,  -1.599,  9.558,  2.931
8138,  -1.417,  9.586,  3.610
8144,  -1.628,  9.519,  3.812
8148,  -1.915,  9.385,  3.467
8154,  -2.059,  9.175,  3.151
8154,  -2.059,  8.973,  3.093
8164,  -2.193,  8.859,  3.093
8174,  -2.433,  8.744,  3.103
8186,  -2.701,  8.629,  2.825
8200,  -2.835,  8.456,  2.519
8206,  -2.720,  8.188,  2.576
8206,  -2.423,  7.805,  3.055
8213,  -2.097,  7.547,  3.764
8213,  -1.858,  7.527,  4.357
8220,  -2.116,  7.815,  4.645
8226,  -2.346,  7.805,  4.032
8235,  -2.528,  7.671,  3.227
8240,  -2.595,  7.451,  2.739
8246,  -2.356,  7.230,  2.729
8255,  -2.002,  7.106,  3.275
8261,  -1.638,  7.125,  4.099
8261,  -1.437,  7.288,  4.913
8265,  -1.389,  7.479,  5.277
8270,  -1.331,  7.661,  5.440
8280,  -1.341,  7.661,  5.363
8286,  -1.389,  7.508,  5.114
8289,  -1.551,  6.991,  4.961
8293,  -1.762,  6.282,  4.846
8308,  -1.973,  5.756,  4.855
8310,  -2.088,  5.373,  4.913
8313,  -2.184,  5.104,  4.894
8316,  -2.155,  4.817,  4.664
8330,  -2.107,  4.635,  4.434
8336,  -2.222,  4.511,  4.147
8343,  -2.500,  4.424,  3.687
8348,  -2.835,  4.271,  3.103
8353,  -2.988,  3.946,  2.442
8359,  -2.691,  3.553,  1.935
8369,  -1.915,  3.103,  1.963
8376,  -0.996,  2.691,  2.614
8376,  -0.067,  2.251,  3.294
8384,   0.795,  1.887,  3.649
8390,   1.312,  1.590,  3.361
8399,   1.264,  1.427,  2.653
8399,   0.709,  1.686,  1.389
8410,  -0.038,  2.279,  0.230
8413,  -1.025,  2.844, -0.172
8422,  -1.772,  3.371, -0.345
8426,  -2.184,  3.706,  0.220
8434,  -2.040,  4.013,  1.618
8440,  -1.331,  4.137,  3.859
8446,  -0.278,  4.051,  6.196
8453,   0.852,  3.974,  7.661
8460,   1.571,  4.070,  7.930
8461,   1.781,  4.319,  7.135
8470,   1.465,  4.645,  5.918
8542,   0.546,  5.219,  4.798
8543,  -0.910,  5.794,  4.520
8543,  -2.509,  6.579,  4.712
8543,  -3.926,  7.250,  5.162
8543,  -4.942,  7.709,  5.804
8543,  -5.191,  7.872,  6.493
8552,  -5.095,  8.083,  6.436
8555,  -5.124,  8.447,  5.861
8565,  -5.037,  8.839,  5.296
8569,  -5.191,  9.433,  4.673
8583,  -5.306,  9.835,  4.137
8593,  -4.827, 10.353,  3.448
8602,  -4.386, 10.439,  3.888
8611,  -4.061, 10.400,  4.539
8624,  -3.630, 10.295,  4.855
8634,  -3.687,  9.711,  4.884
8640,  -3.907,  9.069,  4.645
8650,  -4.338,  8.715,  3.994
8660,  -4.855,  8.715,  3.007
8672,  -5.382,  8.792,  1.743
8680,  -5.478,  8.839,  1.063
8690,  -4.894,  8.456,  1.532
8700,  -3.898,  8.025,  2.844
8718,  -3.112,  7.824,  4.195
8783,  -2.863,  7.987,  5.171
8784,  -3.275,  8.370,  5.085
8784,  -3.946,  8.734,  4.271
8784,  -4.511,  9.002,  3.342
8784,  -4.788,  9.108,  2.777
8784,  -4.951,  9.031,  2.614
8786,  -4.855,  8.897,  2.940
8793,  -4.721,  8.801,  2.873
8806,  -4.338,  8.667,  2.509
8813,  -3.812,  8.466,  2.337
8823,  -3.668,  8.083,  2.739
8843,  -3.677,  7.767,  3.314
8847,  -3.792,  7.690,  3.639
8857,  -3.917,  7.939,  3.792
8863,  -4.099,  8.274,  3.773
8876,  -4.310,  8.485,  3.591
8891,  -4.492,  8.485,  3.304
8896,  -4.549,  8.217,  2.940
8911,  -4.664,  8.035,  2.710
8926,  -4.539,  8.016,  2.662
8939,  -4.377,  8.217,  3.074
8944,  -4.099,  8.552,  3.725
8944,  -3.946,  8.744,  4.032
8954,  -3.802,  8.801,  3.917
8964,  -3.649,  8.811,  3.563
8974,  -3.697,  8.763,  3.112
8984,  -3.840,  8.820,  2.816
8994,  -4.013,  8.792,  2.892
9004,  -4.137,  8.772,  3.208
9021,  -4.195,  8.811,  3.419
9026,  -4.080,  8.830,  3.419
9040,  -3.601,  8.648,  3.285
9054,  -3.582,  8.562,  2.978
9058,  -3.620,  8.571,  2.710
9068,  -3.735,  8.600,  2.662
9078,  -3.879,  8.657,  2.796
9090,  -3.917,  8.744,  3.045
9098,  -3.888,  8.887,  3.333
9108,  -3.974,  9.021,  3.467
9117,  -4.166,  9.050,  3.457
9134,  -4.300,  8.993,  3.160
9141,  -4.166,  8.849,  2.729
9154,  -3.840,  8.638,  2.519
9161,  -3.524,  8.485,  2.787
9171,  -3.390,  8.466,  3.294
9180,  -3.381,  8.590,  3.831
9189,  -3.428,  8.782,  4.128
9203,  -3.582,  8.935,  4.156
9210,  -3.773,  9.146,  3.821
9230,  -4.003,  9.376,  3.390
9239,  -4.175,  9.519,  3.036
9243,  -4.329,  9.701,  2.739
9250,  -4.348,  9.989,  2.701
9263,  -4.444, 10.343,  2.921
9271,  -4.520, 10.669,  3.218
9280,  -4.645, 10.908,  3.649
9295,  -4.760, 11.090,  4.032
9304,  -4.951, 11.243,  4.271
9322,  -5.200, 11.387,  4.319
9332,  -5.363, 11.454,  4.262
9344,  -5.373, 11.578,  4.271
9344,  -5.210, 11.540,  4.329
9361,  -4.913, 11.530,  4.300
9366,  -4.559, 11.559,  4.271
9375,  -4.444, 11.655,  4.013
9389,  -4.626, 11.837,  4.041
9398,  -4.836, 11.904,  4.003
9408,  -4.970, 11.837,  4.013
9416,  -4.951, 11.578,  3.994
9426,  -4.741, 11.281,  3.888
9436,  -4.559, 11.032,  3.792
9450,  -4.415, 10.793,  3.812
9453,  -4.290, 10.678,  3.821
9470,  -4.166, 10.688,  3.879
9478,  -4.147, 10.841,  4.003
9490,  -4.099, 11.004,  4.243
9497,  -4.099, 11.147,  4.357
9509,  -4.185, 11.205,  4.415
9518,  -4.243, 11.090,  4.214
9524,  -4.214, 10.831,  3.716
9536,  -4.233, 10.381,  3.132
9544,  -4.310, 10.046,  2.605
9556,  -4.377,  9.826,  2.260
9565,  -4.453,  9.682,  2.107
9575,  -4.568,  9.711,  2.251
9585,  -4.635,  9.826,  2.452
9595,  -4.367,  9.979,  2.806
9607,  -3.965,  9.989,  3.285
9620,  -3.572,  9.855,  3.783
9625,  -3.342,  9.663,  4.003
9639,  -3.342,  9.424,  3.783
9648,  -3.476,  9.194,  3.189
9658,  -3.639,  8.916,  2.605
9666,  -3.649,  8.686,  2.337
9680,  -3.610,  8.523,  2.586
9686,  -3.534,  8.485,  3.160
9700,  -3.314,  8.552,  3.831
9706,  -3.093,  8.600,  4.377
9723,  -3.017,  8.514,  4.635
9726,  -3.103,  8.322,  4.597
9736,  -3.409,  8.150,  4.108
9750,  -3.725,  7.987,  3.496
9757,  -3.831,  7.901,  2.978
9766,  -3.677,  7.728,  2.921
9786,  -3.275,  7.585,  3.208
9790,  -2.835,  7.432,  3.802
9799,  -2.567,  7.384,  4.568
9807,  -2.586,  7.355,  5.018
9819,  -2.978,  7.317,  4.855
9827,  -3.572,  7.192,  4.147
9837,  -4.175,  7.144,  3.304
9847,  -4.520,  7.087,  2.749
9857,  -4.310,  7.029,  2.835
9871,  -3.697,  6.991,  3.677
9877,  -2.892,  6.924,  4.827
9887,  -2.327,  6.742,  5.689
9897,  -2.184,  6.455,  5.861
9907,  -2.576,  6.062,  5.124
9927,  -3.333,  5.737,  4.003
9927,  -4.137,  5.382,  2.863
9937,  -4.731,  5.124,  2.260
9948,  -5.028,  5.143,  2.729
9958,  -4.741,  5.239,  3.687
9968,  -4.281,  5.430,  4.654
9978,  -3.812,  5.478,  5.306
9988,  -3.457,  5.420,  5.545
9998,  -3.342,  5.191,  5.229
10008,  -3.476,  4.798,  4.424
10020,  -3.725,  4.396,  3.361
10029,  -3.850,  4.118,  2.500
10039,  -3.831,  3.869,  2.136
10051,  -3.677,  3.687,  2.126
10060,  -3.428,  3.524,  2.365
10070,  -3.065,  3.275,  2.605
10080,  -2.729,  3.055,  2.892
10090,  -2.423,  2.883,  3.227
10099,  -2.145,  2.768,  3.524
10109,  -2.011,  2.691,  3.879
10119,  -2.107,  2.662,  3.706
10132,  -2.480,  2.701,  3.141
10144,  -2.921,  2.787,  2.634
10198,  -3.342,  2.787,  2.509
10198,  -3.687,  2.873,  2.643
10198,  -3.946,  3.007,  2.921
10198,  -4.080,  3.247,  3.428
10198,  -4.080,  3.591,  4.051
10203,  -3.994,  3.965,  4.453
10213,  -3.898,  4.262,  4.463
10223,  -3.812,  4.530,  4.128
10243,  -3.792,  4.702,  3.716
10243,  -3.831,  4.808,  3.563
10255,  -3.898,  4.903,  3.879
10264,  -4.099,  5.124,  4.300
10274,  -4.482,  5.344,  4.606
10284,  -4.750,  5.650,  4.750
10294,  -5.047,  5.995,  4.827
10304,  -5.258,  6.292,  4.731
10314,  -5.488,  6.493,  4.587
10325,  -5.689,  6.627,  4.329
10335,  -5.717,  6.780,  4.128
10345,  -5.344,  6.761,  4.367
10356,  -5.296,  6.723,  4.683
10365,  -5.353,  6.780,  4.961
10375,  -5.526,  6.886,  4.951
10385,  -5.650,  6.962,  4.635
10395,  -5.593,  7.068,  4.319
10405,  -5.574,  7.183,  4.262
10415,  -5.411,  7.135,  4.741
10425,  -5.210,  7.211,  5.315
10435,  -5.009,  7.183,  5.784
10445,  -4.836,  7.163,  5.698
10458,  -4.769,  7.125,  5.277
10467,  -4.817,  7.029,  4.673
10477,  -4.817,  6.914,  4.319
10486,  -4.846,  7.039,  4.252
10496,  -4.855,  7.317,  4.405
10506,  -4.808,  7.623,  4.626
10516,  -4.817,  7.872,  4.721
10527,  -4.913,  7.968,  4.702
10537,  -5.057,  7.901,  4.520
10547,  -5.066,  7.786,  4.444
10559,  -4.961,  7.700,  4.501
10568,  -4.884,  7.633,  4.568
10578,  -4.827,  7.547,  4.501
10588,  -4.827,  7.374,  4.492
10600,  -4.884,  7.240,  4.405
10614,  -4.865,  7.144,  4.357
10624,  -4.817,  7.154,  4.492
10630,  -4.702,  7.460,  4.654
10640,  -4.626,  7.690,  4.683
10650,  -4.721,  7.719,  4.654
10662,  -4.922,  7.728,  4.501
10672,  -5.181,  7.767,  4.377
10681,  -5.277,  7.834,  4.405
10690,  -5.066,  7.719,  4.673
10700,  -4.702,  7.508,  5.037
10710,  -4.424,  7.336,  4.817
10720,  -4.348,  7.202,  4.415
10730,  -4.396,  7.135,  4.080
10740,  -4.501,  7.163,  3.974
10750,  -4.712,  7.307,  4.214
10760,  -4.798,  7.566,  4.635
10771,  -4.750,  7.872,  4.875
10781,  -4.549,  7.997,  4.865
10791,  -4.367,  7.930,  4.693
10811,  -4.175,  7.585,  3.840
10811,  -4.271,  7.451,  3.448
10821,  -4.492,  7.374,  3.390
10831,  -4.712,  7.489,  3.486
10841,  -4.817,  7.709,  3.898
10853,  -4.760,  8.112,  4.310
10862,  -4.779,  8.265,  4.788
10876,  -4.788,  8.198,  4.884
10883,  -4.808,  7.949,  4.578
10892,  -4.875,  7.748,  4.377
10902,  -4.693,  7.278,  3.783
10912,  -4.693,  7.163,  3.524
10924,  -4.664,  7.326,  4.089
10933,  -4.511,  7.479,  4.434
10943,  -4.310,  7.518,  4.233
10953,  -4.262,  7.604,  3.725
10963,  -4.357,  7.661,  3.524
10973,  -4.396,  7.652,  3.591
10983,  -4.453,  7.642,  3.879
10993,  -4.386,  7.652,  4.223
11003,  -4.300,  7.700,  4.482
11013,  -4.156,  7.748,  4.559
11023,  -4.175,  7.815,  4.290
11035,  -4.243,  7.872,  3.879
11045,  -4.357,  7.987,  3.572
11055,  -4.453,  8.150,  3.534
11065,  -4.511,  8.284,  3.745
11080,  -4.568,  8.485,  4.175
11087,  -4.530,  8.638,  4.444
11097,  -4.520,  8.792,  4.530
11107,  -4.673,  8.887,  4.482
11117,  -4.817,  9.069,  4.185
11127,  -4.922,  9.280,  3.907
11137,  -5.009,  9.471,  3.802
11150,  -5.009,  9.759,  4.693
11159,  -4.903, 10.027,  5.267
11169,  -4.932, 10.266,  5.574
11180,  -5.028, 10.525,  5.392
11189,  -5.210, 10.793,  4.970
11199,  -5.392, 11.032,  4.559
11209,  -5.459, 11.262,  4.415
11219,  -5.545, 11.530,  4.453
11229,  -5.612, 11.741,  4.731
11244,  -5.612, 11.904,  4.942
11253,  -5.660, 12.019,  5.066
11263,  -5.708, 12.009,  4.970
11277,  -5.918, 11.856,  4.846
11287,  -6.206, 11.665,  4.750
11297,  -6.359, 11.550,  4.606
11316,  -6.474, 11.530,  4.587
11317,  -5.593, 11.511,  5.171
11326,  -4.942, 11.521,  5.507
11336,  -4.377, 11.435,  5.976
11349,  -4.108, 11.243,  6.407
11358,  -4.061, 11.023,  6.474
11368,  -4.022, 10.697,  5.813
11380,  -4.185, 10.458,  4.788
11388,  -4.654, 10.439,  3.256
11398,  -5.085, 10.439,  1.609
11408,  -5.191, 10.439,  0.881
11420,  -4.990, 10.190,  1.609
11430,  -4.712, 10.180,  4.300
11439,  -4.501, 10.065,  5.104
11452,  -4.434,  9.874,  4.932
11461,  -4.539,  9.720,  4.377
11471,  -4.549,  9.586,  3.745
11483,  -4.482,  9.538,  3.227
11496,  -4.463,  9.337,  2.863
11502,  -4.482,  9.194,  2.394
11511,  -4.396,  8.782,  1.456
11521,  -4.214,  8.294,  0.680
11531,  -3.859,  7.997,  0.881
11541,  -3.505,  7.987,  1.887
11555,  -3.352,  8.102,  3.409
11564,  -3.352,  8.274,  4.788
11572,  -3.457,  8.466,  4.999
11583,  -3.677,  8.629,  4.137
11595,  -3.773,  8.552,  3.017
11604,  -3.802,  8.226,  2.385
11614,  -3.687,  7.786,  2.222
11624,  -3.428,  7.374,  2.452
11634,  -3.304,  7.058,  3.132
11647,  -3.266,  6.924,  3.496
11657,  -3.409,  7.029,  3.850
11667,  -3.457,  7.183,  3.994
11677,  -3.524,  7.202,  4.070
11688,  -3.534,  7.154,  3.965
11702,  -3.572,  6.972,  3.754
11708,  -3.658,  6.732,  3.572
11718,  -3.745,  6.522,  3.400
11728,  -3.812,  6.321,  3.524
11738,  -3.879,  6.139,  3.859
11750,  -3.926,  6.005,  4.281
11759,  -3.926,  5.957,  4.750
11769,  -3.745,  5.861,  5.382
11779,  -3.668,  5.698,  5.938
11789,  -3.591,  5.516,  5.976
11800,  -3.476,  5.306,  5.669
11809,  -3.419,  5.152,  5.545
11819,  -3.553,  5.124,  5.085
11829,  -3.764,  5.143,  4.492
11839,  -3.994,  5.104,  3.984
11849,  -3.955,  5.114,  3.658
11859,  -3.946,  5.171,  3.505
11869,  -4.022,  5.114,  4.061
11879,  -4.329,  5.057,  4.549
11892,  -4.578,  5.047,  5.047
11900,  -4.769,  5.143,  5.152
11912,  -4.894,  5.239,  5.143
11922,  -4.836,  5.267,  5.095
11931,  -4.788,  5.143,  5.018
11941,  -4.741,  4.827,  5.286
11951,  -4.415,  4.559,  5.258
11961,  -3.965,  4.367,  5.191
11973,  -3.160,  3.859,  4.271
11982,  -3.160,  3.859,  4.271
11994,  -2.978,  3.639,  3.304
12002,  -2.672,  3.074,  2.768
12012,  -2.490,  2.911,  3.055
12022,  -2.346,  2.911,  3.390
12032,  -2.155,  2.863,  3.725
12041,  -1.925,  2.749,  4.252
12053,  -1.733,  2.749,  4.511
12063,  -1.647,  2.662,  4.635
12073,  -1.915,  2.835,  4.539
12083,  -2.270,  2.787,  4.511
12095,  -2.509,  2.720,  4.415
12104,  -2.739,  2.672,  4.597
12114,  -2.844,  2.662,  4.549
12124,  -3.103,  2.758,  4.424
12134,  -3.601,  2.825,  4.472
12144,  -4.041,  3.132,  4.539
12154,  -4.702,  3.409,  5.143
12164,  -5.306,  3.735,  5.890
12174,  -5.708,  4.051,  6.503
12186,  -5.938,  4.290,  6.800
12199,  -6.091,  4.568,  6.771
12209,  -5.890,  4.951,  6.483
12215,  -5.708,  5.315,  6.072
12225,  -5.612,  5.555,  5.765
12235,  -5.535,  5.708,  5.737
12245,  -5.277,  5.832,  5.890
12256,  -5.124,  5.804,  6.043
12266,  -4.942,  5.746,  5.995
12276,  -4.836,  5.535,  5.851
12286,  -4.741,  5.200,  5.880
12295,  -4.645,  4.827,  6.187
12306,  -4.808,  4.616,  6.321
12316,  -5.152,  4.539,  6.254
12326,  -5.258,  4.769,  6.043
12336,  -5.717,  4.922,  5.765
12348,  -6.062,  5.124,  5.507
12357,  -6.321,  5.373,  5.583
12367,  -6.474,  5.507,  5.775
12377,  -6.503,  5.382,  5.986
12387,  -6.359,  5.162,  6.139
12397,  -5.986,  4.999,  6.321
12408,  -5.612,  4.913,  6.254
12421,  -5.516,  5.009,  5.784
12428,  -5.583,  5.057,  5.239
12440,  -5.717,  5.152,  5.497
12450,  -6.014,  5.392,  5.698
12460,  -6.302,  5.478,  5.804
12473,  -6.292,  5.382,  5.832
12482,  -6.033,  5.267,  5.813
12492,  -5.794,  5.152,  5.851
12502,  -5.794,  5.076,  5.794
12872,  -6.053,  5.018,  5.641
12881,  -6.206,  4.990,  5.574
12887,  -6.416,  5.037,  5.593
12888,  -6.369,  5.076,  5.641
12902,  -6.148,  5.047,  5.689
12902,  -5.966,  4.990,  5.727
12908,  -5.756,  4.846,  5.947
12920,  -5.602,  4.673,  6.254
12928,  -5.612,  4.530,  6.407
12929,  -5.765,  4.539,  6.167
12933,  -6.081,  4.741,  5.737
12938,  -6.340,  4.970,  5.239
12945,  -6.464,  5.306,  5.085
12949,  -6.321,  5.468,  5.009
12953,  -6.081,  5.401,  5.143
12963,  -5.669,  5.181,  5.698
12963,  -5.669,  5.181,  5.698
12971,  -5.555,  5.133,  5.717
12971,  -5.631,  5.200,  5.612
12975,  -5.641,  5.353,  5.574
12984,  -5.593,  5.459,  5.660
12989,  -5.545,  5.555,  5.593
12999,  -5.535,  5.631,  5.353
13003,  -5.641,  5.583,  5.171
13009,  -5.976,  5.488,  5.325
13013,  -6.158,  5.468,  5.382
13021,  -6.311,  5.488,  5.468
13023,  -6.388,  5.507,  5.526
13023,  -6.187,  5.392,  5.526
13032,  -5.909,  5.401,  5.392
13041,  -5.717,  5.497,  5.191
13041,  -5.708,  5.727,  5.124
13041,  -5.823,  6.005,  5.018
13059,  -6.129,  6.292,  4.827
13069,  -6.282,  6.416,  4.520
13083,  -6.503,  6.416,  4.357
13086,  -6.541,  5.957,  4.990
13090,  -6.273,  5.775,  5.191
13093,  -5.880,  5.861,  5.488
13103,  -5.526,  5.890,  5.248
13107,  -5.286,  5.890,  4.990
13107,  -5.373,  5.947,  4.760
13115,  -5.440,  6.091,  4.750
13123,  -5.564,  6.254,  4.961
13127,  -5.737,  6.330,  5.286
13130,  -5.861,  6.330,  5.612
13139,  -5.995,  6.359,  5.392
13139,  -6.081,  6.445,  5.124
13143,  -6.081,  6.483,  5.219
13156,  -6.148,  6.541,  5.411
13163,  -6.235,  6.665,  5.344
13169,  -6.407,  6.905,  5.248
13173,  -6.646,  7.230,  5.219
13176,  -6.752,  7.690,  5.468
13181,  -7.087,  8.073,  5.258
13186,  -7.345,  8.303,  5.239
13196,  -7.633,  8.456,  4.980
13203,  -7.834,  8.447,  5.200
13206,  -8.073,  8.294,  5.622
13215,  -8.198,  8.255,  5.775
13218,  -8.140,  8.428,  6.100
13223,  -7.920,  8.610,  6.627
13228,  -7.642,  8.638,  6.608
13231,  -7.451,  8.657,  6.483
13235,  -7.307,  8.667,  6.378
13235,  -7.029,  8.629,  6.139
13241,  -6.838,  8.466,  6.397
13245,  -6.675,  8.313,  7.441
13248,  -6.579,  8.246,  8.543
13248,  -6.618,  8.246,  8.677
13264,  -6.742,  8.466,  8.475
13268,  -7.163,  8.801,  7.230
13275,  -7.527,  9.165,  5.411
13278,  -7.863,  9.136,  3.840
13283,  -8.198,  8.495,  4.664
13295,  -8.198,  8.303,  5.765
13295,  -7.968,  8.332,  5.602
13709,  -7.939,  8.198,  5.095
13719,  -8.169,  7.642,  4.539
13721,  -8.447,  7.020,  4.693
13725,  -8.504,  6.560,  5.210
13725,  -8.207,  6.685,  6.369
13728,  -7.690,  7.403,  7.365
13728,  -7.192,  8.131,  7.403
13731,  -6.646,  8.475,  6.388
13746,  -6.005,  8.389,  5.104
13748,  -5.382,  7.968,  3.572
13755,  -4.760,  7.288,  2.002
13755,  -4.635,  6.081,  1.207
13755,  -4.616,  5.143,  1.666
13761,  -4.712,  4.750,  2.184
13761,  -4.808,  4.990,  3.160
13768,  -4.884,  5.430,  4.147
13768,  -5.133,  5.966,  4.846
13771,  -5.382,  6.416,  4.721
13774,  -5.574,  6.560,  4.444
13778,  -5.679,  6.407,  4.137
13778,  -5.535,  6.167,  4.051
13784,  -5.459,  6.072,  5.516
13784,  -5.200,  6.053,  5.535
13789,  -5.095,  5.737,  5.047
13795,  -4.884,  5.430,  4.741
13795,  -4.578,  5.296,  4.769
13798,  -4.396,  5.401,  4.922
13804,  -4.338,  5.784,  4.922
13804,  -4.415,  6.072,  4.693
13808,  -4.530,  6.273,  4.424
13815,  -4.492,  6.378,  4.367
13815,  -4.166,  6.378,  4.578
13818,  -3.754,  6.244,  5.306
13825,  -3.093,  6.158,  6.091
13828,  -2.634,  5.957,  6.589
13831,  -2.567,  5.784,  6.359
13839,  -2.873,  5.478,  5.669
13839,  -3.247,  5.152,  4.875
13845,  -3.821,  4.865,  4.482
13848,  -4.319,  4.693,  5.248
13848,  -4.166,  4.731,  6.340
13855,  -3.879,  4.808,  7.259
13855,  -3.591,  4.731,  7.671
13855,  -3.409,  4.683,  7.221
13858,  -3.582,  4.549,  6.244
13862,  -3.725,  4.463,  5.181
13862,  -3.677,  4.367,  4.520
13867,  -3.448,  4.310,  4.338
13870,  -3.390,  4.262,  4.645
13870,  -3.189,  4.041,  4.760
13870,  -3.256,  3.764,  4.597
13875,  -3.275,  3.352,  4.137
13878,  -3.505,  2.662,  3.677
13879,  -3.936,  1.944,  3.572
13883,  -4.415,  1.379,  3.955
13883,  -4.300,  1.580,  5.171
13889,  -3.898,  2.433,  6.790
13893,  -3.342,  3.419,  7.872
13893,  -3.007,  4.204,  7.719
13963,  -2.749,  4.405,  6.531
13963,  -2.557,  3.821,  5.018
13963,  -2.423,  3.141,  3.649
13967,  -2.356,  2.624,  3.007
13967,  -2.385,  2.375,  3.065
13974,  -2.116,  2.404,  3.534
13983,  -1.848,  2.672,  3.812
13983,  -1.867,  3.074,  3.917
13987,  -2.567,  3.591,  3.285
14009,  -2.998,  3.610,  2.701
14009,  -3.457,  3.515,  2.193
14019,  -3.773,  3.553,  2.145
14069,  -3.783,  3.840,  2.787
14069,  -3.610,  4.424,  3.812
14069,  -3.534,  5.229,  5.018
14069,  -3.553,  6.120,  5.871
14069,  -3.649,  6.876,  6.330
14078,  -3.620,  7.422,  6.608
14099,  -3.620,  7.642,  6.589
14104,  -3.543,  7.690,  6.139
14109,  -3.572,  7.556,  5.478
14119,  -3.668,  7.451,  5.009
14129,  -3.697,  7.499,  4.779
14139,  -3.572,  7.661,  5.028
14149,  -3.218,  7.939,  5.497
14159,  -2.768,  8.332,  6.072
14172,  -2.107,  8.705,  6.302
14180,  -1.446,  8.887,  6.129
14189,  -0.881,  9.060,  5.660
14199,  -0.546,  9.213,  5.181
14209,  -0.421,  9.328,  4.817
14219,  -0.584,  9.309,  4.482
14229,  -0.862,  9.318,  4.175
14244,  -1.293,  9.280,  3.974
14251,  -1.733,  9.117,  3.955
14261,  -2.279,  8.734,  4.185
14274,  -2.528,  8.179,  4.635
14282,  -2.375,  7.863,  5.401
14291,  -2.088,  7.566,  6.512
14301,  -1.772,  7.432,  7.499
14312,  -1.618,  7.690,  7.824
14322,  -1.791,  8.217,  7.441
14331,  -1.839,  8.839,  6.397
14344,  -1.829,  9.318,  5.239
14352,  -1.666,  9.519,  4.501
14362,  -1.494,  9.538,  4.118
14372,  -1.379,  9.261,  4.061
14382,  -1.408,  8.926,  4.166
14392,  -1.360,  8.715,  4.578
14401,  -1.197,  8.734,  4.894
14411,  -0.929,  9.443,  5.353
14424,  -0.871,  9.701,  5.497
14433,  -0.833,  9.778,  5.583
14443,  -0.843,  9.567,  5.392
14453,  -0.996,  9.146,  5.085
14463,  -1.226,  8.763,  4.568
14472,  -1.571,  8.447,  4.128
14487,  -1.877,  8.255,  3.859
14493,  -2.155,  8.294,  3.773
14503,  -2.413,  8.504,  4.051
14513,  -2.739,  8.811,  4.482
14523,  -3.074,  9.098,  4.951
14533,  -3.333,  9.280,  5.516
14543,  -3.438,  9.328,  6.005
14601,  -3.342,  9.261,  6.359
14604,  -3.036,  9.079,  6.359
14604,  -2.605,  8.916,  5.995
14606,  -2.203,  8.696,  5.382
14607,  -1.973,  8.447,  4.654
14607,  -1.848,  8.150,  3.898
14615,  -1.695,  7.968,  3.438
14625,  -1.609,  7.843,  3.256
14634,  -1.628,  7.863,  3.448
14647,  -1.647,  8.025,  3.812
14659,  -1.714,  8.159,  4.195
14666,  -1.829,  8.255,  4.511
14681,  -1.963,  8.313,  4.635
14686,  -2.184,  8.332,  4.635
14696,  -2.385,  8.313,  4.444
14706,  -2.461,  8.255,  4.175
14716,  -2.500,  8.035,  3.955
14726,  -2.375,  7.728,  3.677
14736,  -2.174,  7.374,  3.486
14746,  -2.011,  7.058,  3.227
14766,  -1.915,  6.838,  2.998
14772,  -1.896,  6.828,  2.806
14780,  -1.954,  7.068,  2.614
14790,  -2.164,  7.968,  2.844
14800,  -2.136,  8.571,  3.304
14988,  -2.040,  9.031,  3.955
14988,  -1.963,  9.242,  4.587
14988,  -1.867,  9.222,  4.942
14988,  -1.906,  9.117,  4.990
14988,  -2.049,  9.098,  4.654
14988,  -2.327,  9.242,  4.233
14992,  -2.595,  9.510,  3.725
14992,  -2.768,  9.692,  3.428
14995,  -2.854,  9.644,  3.658
14998,  -2.902,  9.529,  4.300
14998,  -2.959,  9.443,  5.114
14998,  -3.122,  9.500,  5.717
14998,  -3.247,  9.730,  5.832
14998,  -3.160, 10.075,  5.660
15001,  -2.844, 10.496,  5.545
15002,  -2.365, 10.860,  5.574
15002,  -1.935, 11.195,  5.650
15002,  -1.800, 11.626,  5.631
15004,  -1.896, 12.115,  5.459
15004,  -2.212, 12.613,  5.239
15014,  -2.576, 13.015,  5.133
15027,  -2.911, 13.264,  5.162
15063,  -3.122, 13.139,  5.325
15069,  -3.237, 12.737,  5.689
15072,  -3.361, 12.325,  6.120
15080,  -3.390, 11.923,  6.436
15080,  -3.275, 12.009,  6.282
15088,  -2.998, 12.057,  6.053
15141,  -2.624, 12.048,  5.909
15142,  -2.260, 11.866,  5.823
15144,  -1.982, 11.655,  5.650
15144,  -1.714, 11.435,  5.430
15144,  -1.666, 11.253,  5.057
15159,  -1.753, 11.157,  4.721
15169,  -1.896, 11.061,  4.492
15169,  -2.030, 10.946,  4.310
15186,  -2.088, 10.745,  4.415
15193,  -2.164, 10.544,  4.788
15201,  -2.241, 10.218,  5.057
15211,  -2.308,  9.893,  5.229
15220,  -2.394,  9.634,  5.143
15235,  -2.442,  9.452,  4.999
15249,  -2.203,  9.203,  4.903
15258,  -1.915,  9.021,  5.162
15272,  -1.590,  8.801,  5.392
15278,  -1.369,  8.677,  5.440
15288,  -1.360,  8.590,  5.363
15298,  -1.523,  8.562,  5.152
15308,  -1.820,  8.533,  4.942
15319,  -2.251,  8.571,  4.913
15334,  -2.586,  8.705,  5.076
15339,  -2.739,  8.772,  5.420
15349,  -2.595,  8.696,  5.689
15362,  -2.231,  8.246,  5.689
15374,  -1.628,  7.566,  5.583
15381,  -1.101,  6.800,  5.277
15395,  -0.718,  6.407,  4.922
15401,  -0.728,  6.426,  4.520
15414,  -0.967,  6.800,  4.415
15424,  -1.312,  7.049,  4.798
15435,  -1.686,  7.202,  5.430
15444,  -2.011,  7.211,  5.966
15454,  -2.452,  6.589,  5.641
15464,  -2.634,  6.091,  5.133
15476,  -2.758,  5.756,  4.673
15485,  -2.863,  5.727,  4.463
15495,  -2.978,  5.899,  4.329
15505,  -3.103,  6.177,  4.089
15515,  -3.017,  6.512,  3.984
15525,  -2.854,  6.618,  4.061
15537,  -2.710,  6.426,  4.319
15547,  -2.567,  5.986,  4.673
15557,  -2.624,  5.430,  4.903
15567,  -2.931,  4.673,  4.913
15579,  -3.534,  3.984,  5.334
15588,  -3.773,  3.955,  5.622
15598,  -3.754,  4.386,  5.794
15608,  -3.524,  4.779,  5.698
15617,  -3.065,  4.894,  5.459
15627,  -2.701,  4.539,  5.219
15639,  -2.624,  3.907,  4.827
15649,  -2.758,  3.333,  4.568
15659,  -3.017,  2.978,  4.424
15669,  -3.371,  2.796,  4.166
15704,  -3.658,  2.777,  3.907
15704,  -4.022,  2.863,  3.994
15704,  -4.223,  2.959,  4.137
15710,  -4.252,  3.007,  4.118
15720,  -4.013,  2.892,  3.965
15729,  -3.515,  2.729,  3.926
15739,  -2.777,  2.682,  4.262
15749,  -1.963,  2.720,  4.472
15769,  -1.140,  2.701,  4.396
15769,  -0.575,  2.595,  3.994
15783,  -0.450,  2.327,  3.505
15792,  -0.603,  1.887,  3.055
15802,  -2.107,  2.030,  3.065
15812,  -2.825,  2.777,  3.390
15822,  -3.275,  3.706,  3.955
15832,  -3.505,  4.453,  5.076
15842,  -3.496,  4.798,  6.282
15851,  -3.409,  4.616,  6.953
15864,  -3.371,  4.204,  6.598
15873,  -3.457,  3.850,  5.899
15886,  -3.553,  3.745,  5.315
15894,  -3.476,  4.118,  5.028
15904,  -3.352,  4.760,  5.018
15914,  -3.247,  5.564,  5.258
15923,  -3.179,  6.244,  5.593
15933,  -3.237,  6.780,  6.062
15945,  -3.390,  7.029,  6.551
15956,  -3.543,  7.154,  6.732
15966,  -3.716,  7.039,  6.665
15976,  -3.840,  6.828,  6.416
15988,  -3.879,  6.531,  6.167
16000,  -3.984,  6.302,  5.976
16007,  -4.195,  6.091,  5.899
16017,  -4.338,  6.167,  6.062
16030,  -4.252,  6.953,  6.235
16040,  -4.252,  6.953,  6.235
16050,  -3.467,  7.432,  6.646
16136,  -3.132,  7.441,  6.752
16139,  -2.978,  7.317,  6.522
16139,  -2.988,  7.183,  5.995
16139,  -3.103,  7.096,  5.468
16142,  -3.103,  7.116,  5.382
16146,  -2.959,  7.298,  5.861
16149,  -2.787,  7.623,  6.522
16152,  -2.682,  8.150,  7.001
16152,  -2.691,  8.667,  6.828
16159,  -2.969,  8.906,  6.033
16162,  -3.361,  8.724,  5.124
16172,  -3.687,  8.246,  4.520
16182,  -3.859,  7.748,  4.511
16191,  -3.965,  7.317,  5.085
16206,  -4.041,  7.202,  5.765
16212,  -4.080,  7.211,  6.244
16230,  -3.792,  7.211,  6.158
16239,  -3.610,  7.173,  5.918
16330,  -3.486,  7.192,  5.727
16332,  -3.390,  7.307,  5.679
16332,  -3.314,  7.527,  5.564
16336,  -3.304,  7.767,  5.382
16336,  -3.266,  7.977,  5.171
16341,  -3.218,  8.102,  4.951
16344,  -3.093,  8.112,  4.903
16344,  -2.892,  8.064,  4.961
16348,  -2.777,  7.939,  4.951
16351,  -2.653,  7.757,  4.798
16351,  -2.614,  7.556,  4.482
16364,  -2.614,  7.345,  4.175
16374,  -2.672,  7.192,  3.946
16384,  -2.643,  7.259,  4.089
16398,  -2.490,  7.499,  4.444
16405,  -2.318,  7.882,  4.903
16415,  -2.251,  8.246,  5.353
16425,  -2.212,  8.361,  5.468
16435,  -2.327,  8.332,  5.401
16445,  -2.547,  8.265,  5.066
16457,  -2.835,  8.198,  4.683
16466,  -3.218,  8.102,  4.281
16476,  -3.400,  8.025,  4.070
16486,  -3.400,  7.901,  4.070
16499,  -3.227,  7.623,  4.166
16507,  -3.017,  7.432,  4.319
16517,  -2.509,  7.728,  4.712
16527,  -2.375,  8.274,  4.922
16537,  -2.203,  8.859,  5.047
16547,  -2.049,  9.213,  5.057
16556,  -1.896,  9.146,  5.018
16566,  -1.867,  8.811,  4.827
16576,  -1.973,  8.380,  4.444
16586,  -2.184,  8.169,  3.946
16598,  -2.500,  8.198,  3.467
16608,  -2.892,  8.370,  3.199
16617,  -3.218,  8.619,  3.227
16627,  -3.314,  8.820,  3.697
16637,  -3.179,  8.954,  4.367
16647,  -2.911,  8.964,  5.210
16657,  -2.557,  8.954,  5.851
16667,  -2.222,  8.983,  6.053
16679,  -2.040,  9.079,  5.660
16689,  -2.011,  9.184,  4.922
16699,  -2.231,  9.366,  4.128
16714,  -2.490,  9.558,  3.687
16720,  -2.806,  9.730,  3.620
16730,  -3.045,  9.883,  3.850
16740,  -3.141, 10.008,  4.348
16750,  -3.132, 10.075,  4.865
16760,  -3.112, 10.036,  5.440
16772,  -2.931, 10.094,  5.851
16781,  -2.720, 10.391,  5.986
16800,  -2.567, 10.822,  6.033
16804,  -2.452, 11.320,  5.947
16812,  -2.423, 11.779,  5.756
16822,  -2.471, 12.105,  5.459
16832,  -2.567, 12.316,  5.104
16842,  -2.844, 12.306,  4.779
16852,  -3.170, 12.105,  4.616
16861,  -3.524, 11.961,  4.673
16871,  -3.745, 11.961,  4.903
16881,  -3.859, 11.885,  5.286
17094,  -3.754, 11.789,  5.650
17094,  -3.563, 11.732,  5.976
17094,  -3.428, 11.617,  6.053
17094,  -3.371, 11.530,  5.823
17094,  -3.572, 11.435,  5.286
17094,  -3.792, 11.387,  5.114
17094,  -3.946, 11.272,  4.942
17094,  -3.994, 11.023,  4.731
17094,  -3.974, 10.678,  4.645
17095,  -3.898, 10.324,  4.693
17101,  -3.745, 10.017,  4.865
17105,  -3.582,  9.730,  5.047
17106,  -3.496,  9.538,  5.133
17108,  -3.448,  9.424,  5.191
17115,  -3.333,  9.357,  5.219
17115,  -3.179,  9.328,  5.239
17115,  -3.084,  9.280,  5.277
17115,  -3.026,  9.213,  5.277
17115,  -3.045,  9.108,  5.219
17119,  -3.036,  8.897,  5.028
17119,  -3.112,  8.657,  4.884
17121,  -3.218,  8.428,  4.817
17123,  -3.189,  8.437,  4.741
17129,  -3.074,  8.638,  4.597
17139,  -2.873,  8.763,  4.626
17149,  -2.739,  8.724,  4.731
17161,  -2.682,  8.456,  4.693
17170,  -2.691,  8.045,  4.606
17182,  -3.017,  7.537,  4.808
17192,  -3.428,  7.556,  5.076
17202,  -3.745,  7.872,  5.411
17212,  -3.917,  8.246,  5.497
17222,  -3.917,  8.456,  5.363
17232,  -3.840,  8.303,  5.593
17242,  -3.553,  8.035,  5.851
17252,  -3.151,  7.604,  5.650
17264,  -2.758,  7.001,  5.162
17273,  -2.365,  6.311,  4.501
17283,  -2.049,  5.583,  4.281
17293,  -1.877,  4.683,  4.539
17308,  -1.925,  3.936,  5.047
17315,  -2.164,  3.649,  5.258
17325,  -2.720,  3.582,  5.248
17335,  -3.342,  3.946,  4.424
17345,  -3.926,  4.329,  3.505
17354,  -4.377,  4.549,  2.931
17364,  -4.587,  4.463,  2.796
17374,  -4.750,  4.243,  3.304
17386,  -4.903,  4.003,  4.070
17396,  -4.990,  3.735,  4.913
17406,  -5.066,  3.486,  5.966
17418,  -4.951,  3.496,  7.211
17426,  -4.463,  3.582,  7.547
17436,  -3.965,  3.591,  6.895
17446,  -3.496,  3.400,  5.871
17456,  -3.122,  3.007,  5.191
17465,  -2.816,  2.662,  4.855
17475,  -2.720,  2.385,  4.626
17487,  -3.103,  2.452,  3.859
17508,  -3.831,  2.825,  2.883
17512,  -4.635,  3.179,  2.442
17543,  -5.171,  3.534,  2.701
17543,  -5.258,  3.994,  3.840
17543,  -4.913,  4.329,  5.449
17550,  -4.501,  4.252,  6.254
17563,  -4.386,  3.409,  5.488
17573,  -4.530,  2.863,  4.865
17594,  -4.693,  2.423,  4.463
17594,  -4.788,  2.097,  4.032
17604,  -4.788,  1.896,  3.649
17612,  -4.702,  1.772,  3.486
17622,  -4.501,  1.839,  3.563
17634,  -4.223,  2.145,  3.850
17642,  -3.879,  2.662,  4.185
17652,  -3.677,  3.141,  4.654
17662,  -3.572,  3.438,  4.827
17672,  -3.812,  3.381,  4.865
17682,  -4.070,  3.352,  4.750
17692,  -4.501,  3.428,  4.693
17704,  -4.903,  3.496,  4.712
17713,  -5.114,  3.515,  4.894
17723,  -5.306,  3.467,  4.970
17737,  -5.363,  3.371,  4.999
17743,  -5.583,  3.342,  4.788
17753,  -5.823,  3.390,  4.903
17763,  -6.005,  3.601,  5.315
17773,  -6.120,  4.013,  5.679
17783,  -6.139,  4.444,  5.583
17793,  -5.938,  4.875,  5.248
17805,  -5.851,  5.076,  4.875
17815,  -5.851,  5.382,  4.606
17825,  -5.765,  5.717,  4.472
17835,  -5.794,  5.918,  4.779
17845,  -5.641,  5.995,  5.296
17856,  -5.507,  5.928,  5.871
17866,  -5.497,  5.775,  6.148
17875,  -5.449,  5.689,  6.273
17885,  -5.555,  5.401,  6.100
17895,  -5.353,  4.827,  5.660
17905,  -5.325,  4.712,  5.440
17919,  -5.382,  4.721,  5.411
17929,  -5.497,  4.817,  5.363
17940,  -5.727,  4.990,  5.325
17950,  -5.928,  5.239,  5.382
17959,  -6.148,  5.497,  5.277
17969,  -6.388,  5.660,  4.932
17979,  -6.503,  5.784,  4.693
17989,  -6.321,  5.794,  4.702
18001,  -5.957,  5.708,  5.085
18010,  -5.641,  5.593,  5.440
18020,  -5.478,  5.535,  5.622
18030,  -5.334,  5.526,  5.746
18040,  -5.315,  5.555,  5.794
18050,  -5.401,  5.660,  5.794
18064,  -5.526,  5.842,  5.459
18073,  -5.727,  6.024,  5.076
18083,  -5.928,  6.215,  4.664
18093,  -6.100,  6.436,  4.348
18103,  -6.177,  6.685,  4.156
18113,  -5.986,  7.077,  4.520
18123,  -5.976,  7.029,  4.683
18133,  -5.899,  6.828,  4.741
18145,  -5.746,  6.598,  4.932
18154,  -5.679,  6.436,  5.181
18164,  -5.737,  6.340,  5.392
18174,  -5.880,  6.292,  5.564
18184,  -6.139,  6.254,  5.593
18194,  -6.235,  6.187,  5.277
18204,  -6.378,  6.072,  4.894
18214,  -6.474,  6.187,  4.530
18226,  -6.493,  6.522,  4.243
18235,  -6.445,  6.886,  4.271
18245,  -6.302,  6.943,  4.597
18255,  -6.033,  6.905,  5.028
18265,  -5.727,  6.800,  5.353
18275,  -5.708,  6.675,  5.239
18285,  -5.765,  6.455,  4.894
18299,  -5.784,  6.330,  4.616
18308,  -5.832,  6.311,  4.415
18318,  -5.918,  6.416,  4.175
18328,  -5.986,  6.598,  4.099
18338,  -6.053,  6.790,  4.156
18349,  -6.167,  6.828,  4.223
18359,  -6.273,  6.713,  4.156
18369,  -6.254,  6.570,  4.118
18379,  -6.139,  6.407,  4.233
18397,  -5.765,  6.196,  4.463
18406,  -5.794,  6.129,  4.310
18416,  -5.966,  6.254,  4.185
18426,  -6.148,  6.436,  4.118
18438,  -6.235,  6.551,  4.147
18445,  -6.302,  6.656,  4.348
18455,  -6.416,  6.713,  4.434
18468,  -6.378,  6.618,  4.357
18477,  -6.302,  6.541,  4.396
18487,  -6.100,  6.512,  4.434
18497,  -6.072,  6.656,  4.511
18507,  -6.091,  6.809,  4.463
18516,  -6.129,  6.886,  4.511
18526,  -6.244,  7.029,  4.511
18536,  -6.388,  7.230,  4.741
18548,  -6.560,  7.393,  4.779
18558,  -6.790,  7.527,  4.673
18567,  -6.981,  7.652,  4.712
18577,  -7.010,  7.614,  4.549
18587,  -7.029,  7.518,  4.606
18597,  -7.116,  7.441,  4.808
18607,  -7.230,  7.422,  5.124
18617,  -7.384,  7.470,  5.296
18629,  -7.642,  7.690,  5.392
18638,  -7.882,  7.987,  5.468
18651,  -7.968,  8.341,  5.583
18662,  -8.006,  8.562,  5.784
18669,  -8.064,  8.677,  5.871
18678,  -8.226,  8.552,  5.459
18688,  -8.226,  8.552,  5.459
18698,  -8.418,  8.466,  5.009
18708,  -8.629,  8.447,  4.913
18720,  -8.906,  8.590,  5.717
18729,  -8.734,  8.648,  5.851
18739,  -8.408,  8.581,  5.928
18752,  -8.265,  8.552,  5.928
18762,  -8.265,  8.389,  5.880
18770,  -8.437,  8.284,  5.813
18780,  -8.552,  8.255,  5.583
18789,  -8.533,  8.217,  5.373
18803,  -8.380,  8.064,  5.420
18810,  -8.025,  7.901,  5.669
18820,  -7.719,  7.805,  5.918
18830,  -7.709,  7.642,  5.899
18840,  -7.776,  7.451,  5.689
18850,  -7.757,  7.259,  5.583
18861,  -7.661,  6.819,  5.689
18875,  -7.614,  6.330,  5.449
18881,  -7.527,  6.139,  4.999
18891,  -7.470,  6.110,  4.913
18911,  -7.451,  6.206,  5.392
18911,  -7.432,  6.340,  5.775
18921,  -7.451,  6.302,  6.120
18931,  -7.154,  6.196,  5.756
18943,  -6.886,  5.947,  4.942
18953,  -6.589,  5.516,  4.492
18963,  -6.330,  5.162,  4.559
18972,  -6.158,  4.769,  4.970
18983,  -5.995,  4.549,  5.775
18997,  -5.976,  4.616,  6.474
19006,  -6.330,  4.750,  5.890
19016,  -6.685,  4.875,  4.808
19026,  -6.895,  5.076,  3.984
19036,  -6.809,  5.047,  3.323
19049,  -5.871,  4.836,  4.262
19061,  -5.277,  4.549,  5.200
19069,  -4.846,  4.041,  5.890
19079,  -4.827,  3.610,  5.986
19088,  -4.932,  3.448,  5.411
19098,  -5.248,  3.534,  4.875
19111,  -5.689,  3.840,  4.453
19120,  -6.244,  4.281,  3.879
19130,  -6.742,  4.606,  3.007
19140,  -6.924,  4.817,  2.318
19150,  -6.713,  4.712,  2.346
19162,  -6.311,  4.520,  2.988
19171,  -5.947,  4.357,  3.792
19180,  -5.593,  4.108,  4.559
19190,  -5.296,  3.879,  5.296
19200,  -5.057,  3.812,  5.612
19210,  -5.057,  3.840,  5.286
19220,  -5.315,  3.869,  4.539
19232,  -5.392,  4.041,  4.003
19241,  -5.286,  4.233,  3.946
19251,  -5.229,  4.281,  4.243
19261,  -5.449,  4.214,  4.434
19272,  -5.756,  4.080,  4.156
19281,  -6.014,  3.716,  3.783
19291,  -6.091,  3.361,  3.630
19301,  -6.196,  3.093,  3.630
19311,  -6.148,  2.931,  3.965
19321,  -5.880,  2.835,  4.721
19331,  -5.373,  2.931,  5.545
19341,  -5.047,  3.141,  5.899
19353,  -4.990,  3.266,  5.784
19368,  -5.239,  3.275,  5.420
19379,  -6.177,  3.438,  4.530
19385,  -6.455,  3.620,  4.195
19395,  -6.512,  3.630,  4.377
19405,  -6.292,  3.314,  5.114
19415,  -5.813,  3.151,  5.804
19425,  -5.258,  3.218,  6.081
19435,  -4.760,  3.256,  5.756
19445,  -4.434,  3.275,  4.999
19457,  -4.424,  3.275,  4.453
19470,  -4.434,  3.237,  4.281
19476,  -4.645,  3.333,  4.501
19486,  -4.875,  3.371,  4.597
19496,  -5.018,  3.256,  4.501
19506,  -5.085,  3.007,  4.606
19516,  -5.028,  2.720,  4.980
19526,  -4.875,  2.528,  5.334
19538,  -4.415,  2.500,  5.363
19547,  -3.898,  2.595,  5.200
19557,  -3.582,  2.921,  5.076
19567,  -3.563,  3.333,  4.549
19578,  -3.955,  3.601,  3.965
19591,  -4.578,  3.687,  3.697
19598,  -5.124,  3.687,  3.850
19608,  -5.449,  3.658,  4.262
19618,  -5.650,  3.591,  4.750
19628,  -5.765,  3.476,  5.334
19637,  -5.708,  3.333,  5.813
19650,  -5.574,  3.122,  6.062
19660,  -5.564,  3.160,  6.053
19669,  -5.622,  3.390,  6.043
19681,  -5.880,  3.735,  5.899
19691,  -6.235,  3.965,  5.516
19701,  -6.512,  4.061,  5.152
19710,  -6.732,  4.041,  4.913
19734,  -6.761,  4.204,  5.028
19747,  -6.589,  4.338,  5.564
19754,  -6.273,  4.329,  5.698
19757,  -6.167,  4.195,  5.717
19764,  -6.177,  4.022,  5.746
19776,  -6.129,  4.003,  6.081
19785,  -6.148,  4.099,  6.598
19819,  -6.129,  4.166,  7.029
19819,  -6.254,  4.214,  7.432
19819,  -6.656,  4.166,  7.106
19831,  -7.317,  4.137,  5.909
19839,  -7.958,  4.310,  4.032
19849,  -8.332,  4.434,  2.471
19862,  -7.786,  4.080,  2.835
19871,  -7.039,  4.204,  4.243
19882,  -6.522,  4.214,  6.033
19907,  -6.531,  4.108,  7.336
19913,  -6.675,  4.137,  7.556
19923,  -6.914,  4.271,  7.049
19926,  -7.068,  4.386,  5.938
19933,  -7.183,  4.444,  4.788
19943,  -7.221,  4.530,  3.869
19953,  -7.240,  4.626,  3.333
19963,  -7.202,  4.530,  3.247
19973,  -7.001,  4.568,  3.735
19986,  -6.895,  4.654,  4.492
19996,  -6.895,  4.702,  4.932
20006,  -6.828,  4.635,  5.143
