0,   0.508,  9.787, -0.594
0,   0.488,  9.749, -0.575
12,   0.460,  9.749, -0.527
25,   0.402,  9.759, -0.479
33,   0.441,  9.768, -0.546
42,   0.469,  9.797, -0.651
60,   0.517,  9.807, -0.632
67,   0.594,  9.807, -0.575
79,   0.555,  9.759, -0.517
88,   0.479,  9.759, -0.517
102,   0.460,  9.826, -0.603
108,   0.469,  9.845, -0.670
121,   0.460,  9.864, -0.642
130,   0.575,  9.787, -0.632
143,   0.575,  9.835, -0.670
151,   0.498,  9.883, -0.651
165,   0.469,  9.912, -0.651
170,   0.450,  9.931, -0.680
186,   0.421,  9.912, -0.728
196,   0.421,  9.931, -0.814
209,   0.450,  9.922, -0.814
216,   0.479,  9.883, -0.824
229,   0.536,  9.835, -0.766
240,   0.584,  9.778, -0.747
260,   0.575,  9.845, -0.603
277,   0.441,  9.826, -0.622
280,   0.402,  9.826, -0.680
294,   0.402,  9.826, -0.680
298,   0.431,  9.893, -0.766
313,   0.460,  9.989, -0.795
326,   0.460, 10.075, -0.795
328,   0.479, 10.084, -0.757
342,   0.527, 10.094, -0.843
349,   0.555, 10.190, -0.852
359,   0.508, 10.343, -0.804
369,   0.508, 10.563, -0.910
381,   0.441, 10.851, -0.996
389,   0.441, 11.023, -1.159
399,   0.431, 11.100, -1.322
409,   0.460, 11.071, -1.408
419,   0.479, 10.860, -1.379
432,   0.517, 10.659, -1.331
440,   0.594, 10.515, -1.207
455,   0.622, 10.515, -1.092
461,   0.555, 10.592, -0.977
472,   0.575, 10.602, -1.053
482,   0.594, 10.592, -1.235
492,   0.584, 10.621, -1.350
502,   0.661, 10.582, -1.360
514,   0.680, 10.439, -1.283
523,   0.642, 10.295, -1.255
533,   0.603, 10.295, -1.264
543,   0.632, 10.372, -1.264
556,   0.632, 10.487, -1.130
565,   0.699, 10.640, -1.082
576,   0.728, 10.812, -0.929
586,   0.900, 11.138, -1.676
596,   0.824, 11.186, -1.944
606,   0.699, 11.071, -1.858
618,   0.546, 10.889, -1.666
627,   0.402, 10.697, -1.341
637,   0.402, 10.621, -1.350
647,   0.508, 10.592, -1.293
663,   0.594, 10.496, -1.188
668,   0.709, 10.410, -0.182
680,   0.939, 10.487,  0.239
690,   0.996, 10.860, -0.086
700,   0.986, 11.052, -0.517
709,   1.130, 10.764, -0.986
722,   1.216, 10.199, -1.197
731,   1.149,  9.577, -1.140
741,   0.871,  9.270, -1.101
751,   0.393,  9.414, -0.268
763,   0.067, 10.104,  0.268
773,  -0.086, 11.004,  1.034
785,   0.144, 11.550,  0.996
794,   0.450, 11.693, -0.067
806,   1.140, 10.908, -0.584
815,   1.216, 10.602, -0.824
825,   1.034, 10.602, -0.766
838,   0.862, 10.707, -0.929
850,   0.613, 10.946, -0.929
858,   0.412, 11.262, -0.469
873,   0.335, 11.454, -0.278
880,   0.565, 11.444, -0.642
890,   0.881, 11.243, -1.092
900,   1.101, 11.090, -1.446
910,   1.044, 11.071, -1.542
920,   0.766, 11.071, -1.504
933,   0.412, 11.090, -1.274
943,   0.354, 10.946, -1.140
955,   0.575, 10.764, -1.168
963,   0.881, 10.659, -0.919
976,   1.264, 10.649, -0.891
986,   1.484, 10.697, -0.814
996,   1.551, 10.697, -1.034
1006,   1.398, 10.563, -1.437
1018,   1.226, 10.305, -1.695
1028,   1.149, 10.094, -1.733
1041,   1.130,  9.893, -1.695
1048,   1.082,  9.759, -1.532
1061,   0.996,  9.730, -1.207
1070,   0.795,  9.749, -0.680
1086,   0.584,  9.701, -0.546
1091,   0.622,  9.500, -0.642
1102,   0.919,  9.424, -0.843
1112,   1.369,  9.385, -1.341
1122,   1.130,  9.337, -1.484
1132,   0.680,  9.222, -1.484
1145,   0.412,  9.232, -1.475
1155,   0.249,  9.337, -1.628
1165,   0.335,  9.357, -1.657
1174,   0.508,  9.452, -1.877
1187,   0.536,  9.452, -1.935
1194,   0.479,  9.577, -1.580
1207,   0.479,  9.615, -1.350
1215,   0.747,  9.481, -1.293
1225,   1.216,  9.337, -1.504
1236,   1.513,  9.222, -1.848
1246,   1.465,  9.136, -1.887
1256,   1.006,  9.194, -1.705
1268,   0.373,  9.424, -1.887
1278,  -0.057,  9.615, -2.097
1294,  -0.048,  9.740, -2.327
1300,   0.326,  9.682, -2.231
1310,   0.718,  9.653, -2.078
1319,   1.140,  9.596, -2.356
1332,   0.795,  9.510, -2.682
1342,   0.278,  9.519, -2.892
1351,   0.057,  9.682, -3.055
1361,   0.172,  9.606, -3.017
1371,   0.546,  9.519, -3.141
1383,   0.833,  9.347, -3.065
1395,   0.776,  9.165, -3.103
1404,   0.555,  8.859, -3.304
1417,   0.345,  8.753, -3.639
1425,   0.086,  8.734, -3.802
1438,   0.192,  8.868, -3.831
1447,   0.421,  8.801, -3.735
1457,   0.718,  8.533, -3.773
1467,   1.053,  8.179, -3.658
1480,   1.168,  7.776, -3.428
1489,   0.603,  7.728, -3.773
1504,   0.393,  8.073, -3.946
1510,   0.335,  8.313, -3.783
1520,   0.584,  8.083, -3.400
1530,   0.919,  7.614, -3.112
1542,   0.776,  6.934, -2.988
1552,   0.469,  6.282, -2.787
1562,   0.067,  5.765, -3.026
1574,  -0.038,  5.679, -3.170
1584,   0.057,  6.254, -3.237
1596,   0.431,  6.838, -3.476
1605,   0.728,  7.077, -3.457
1614,   0.651,  6.905, -3.256
1623,   0.287,  6.378, -2.787
1633,   0.144,  5.784, -2.356
1651,   0.393,  5.344, -2.614
1658,   0.575,  5.382, -2.844
1667,   0.642,  5.851, -3.065
1680,   0.642,  6.436, -3.170
1687,   0.565,  6.713, -2.863
1700,   0.402,  6.311, -2.787
1711,   0.306,  6.014, -2.806
1720,   0.373,  5.976, -2.729
1728,   0.594,  6.053, -3.093
1738,   0.603,  6.273, -3.428
1750,   0.441,  6.665, -3.630
1760,   0.373,  6.972, -3.802
1769,   0.565,  7.106, -3.764
1778,   0.871,  7.039, -3.294
1788,   0.996,  6.828, -2.998
1801,   0.919,  6.618, -2.796
1810,   0.651,  6.560, -2.988
1826,   0.393,  6.618, -3.275
1833,   0.201,  6.943, -3.543
1846,   0.239,  7.393, -3.974
1855,   0.431,  7.843, -4.099
1874,   0.670,  8.207, -3.869
1877,   0.766,  8.351, -3.783
1886,   0.565,  7.748, -3.515
1896,   0.469,  7.393, -3.725
1908,   0.488,  7.451, -3.888
1922,   0.603,  7.920, -3.725
1929,   0.709,  8.284, -3.524
1938,   0.690,  8.159, -3.103
1952,   0.661,  8.217, -2.854
1965,   0.680,  7.575, -3.247
1974,   0.881,  7.393, -3.630
1984,   1.082,  7.633, -3.591
1994,   1.120,  8.054, -3.361
2006,   0.948,  8.456, -2.921
2014,   0.785,  8.523, -2.911
2024,   0.536,  8.159, -2.950
2034,   0.450,  7.748, -2.749
2044,   0.575,  6.914, -3.294
2054,   0.737,  7.288, -3.496
2067,   0.670,  8.016, -3.390
2075,   0.594,  8.562, -3.170
2085,   0.718,  8.801, -2.940
2095,   1.034,  8.638, -2.729
2108,   1.082,  8.073, -2.777
2116,   0.709,  7.623, -2.643
2146,   0.412,  7.594, -2.921
2156,   0.182,  7.968, -3.371
2156,  -0.038,  7.709, -3.208
2156,   0.335,  8.294, -3.381
2168,   0.709,  8.859, -3.247
2176,   0.881,  8.878, -2.519
2193,   0.948,  8.533, -2.327
2202,   0.795,  8.102, -2.576
2215,   0.450,  8.408, -3.610
2225,   0.345,  8.121, -3.476
2241,   0.460,  8.523, -3.084
2257,   0.737,  9.088, -3.227
2265,   0.393,  8.581, -2.758
2275,   0.172,  8.485, -2.892
2292,   0.000,  8.543, -2.796
2302,   0.153,  8.849, -3.103
2318,   0.948,  9.519, -3.333
2327,   0.996,  9.720, -2.988
2342,   0.843,  9.682, -2.873
2350,   0.546,  9.337, -2.787
2362,   0.632,  9.452, -3.850
2377,   0.690,  9.855, -3.716
2386,   0.642, 10.285, -3.563
2395,   0.373, 10.496, -3.496
2408,   0.086, 10.276, -3.285
2420,   0.153,  9.989, -3.084
2429,   0.622,  9.864, -2.998
2442,   0.977, 10.343, -3.036
2455,   0.766, 10.602, -3.141
2462,   0.661, 10.544, -3.275
2475,   0.527, 10.285, -3.036
2483,   0.508, 10.056, -2.854
2493,   0.757,  9.960, -2.969
2506,   0.699,  9.950, -2.969
2517,   0.651, 10.065, -3.074
2524,   0.460, 10.276, -3.084
2537,   0.172, 10.563, -2.854
2554,   0.172, 10.851, -2.883
2557,   0.354, 10.822, -2.940
2570,   0.622, 10.649, -3.065
2577,   0.728, 10.343, -3.026
2590,   0.527, 10.247, -2.701
2597,   0.393, 10.391, -2.528
2610,   0.115, 10.554, -2.318
2620,   0.000, 10.659, -2.308
2630,   0.153, 10.793, -2.701
2638,   0.373, 10.937, -2.940
2648,   0.747, 11.090, -2.873
2658,   1.092, 11.186, -2.174
2670,   1.044, 11.032, -2.193
2680,   0.843, 10.908, -2.193
2690,   0.680, 10.956, -2.155
2700,   0.661, 11.186, -2.184
2710,   0.622, 11.463, -2.222
2722,   0.431, 11.636, -2.174
2731,   0.211, 11.732, -2.097
2741,   0.115, 11.741, -1.944
2751,   0.326, 11.550, -1.915
2767,   0.642, 11.349, -1.896
2773,   0.852, 11.186, -1.887
2783,   0.900, 11.090, -1.599
2793,   0.804, 11.147, -1.140
2803,   0.757, 11.329, -1.235
2813,   0.670, 11.569, -1.599
2825,   0.517, 11.894, -1.982
2833,   0.354, 12.143, -2.164
2846,   0.393, 12.220, -2.222
2856,   0.622, 12.086, -2.040
2866,   1.006, 12.000, -2.174
2878,   1.178, 12.201, -2.365
2888,   0.958, 12.632, -2.241
2898,   0.479, 13.015, -2.078
2910,  -0.067, 13.091, -1.465
2918,  -0.019, 12.919, -1.599
2930,   0.469, 13.044, -1.848
2939,   0.718, 13.072, -1.973
2952,   0.642, 13.024, -2.097
2961,   0.354, 12.881, -2.155
2979,   0.115, 12.747, -2.002
2984,   0.182, 12.747, -1.867
2997,   0.498, 12.651, -1.523
3006,   0.833, 12.469, -1.331
3016,   0.948, 12.220, -1.446
3029,   0.776, 12.028, -1.484
3038,   0.469, 11.942, -1.628
3048,   0.306, 11.837, -2.126
3060,   0.364, 11.875, -1.944
3069,   0.345, 11.808, -1.800
3081,   0.335, 11.808, -1.647
3089,   0.316, 11.799, -1.839
3101,   0.239, 11.684, -2.136
3110,   0.144, 11.760, -2.203
3120,   0.096, 11.818, -2.327
3132,   0.124, 11.856, -2.394
3142,   0.201, 11.875, -2.289
3150,   0.335, 11.847, -2.327
3163,   0.373, 11.636, -2.327
3171,   0.421, 11.454, -2.289
3180,   0.498, 11.320, -2.107
3194,   0.594, 11.052, -2.222
3201,   0.737, 10.975, -2.538
3210,   0.852, 11.071, -2.452
3220,   0.871, 11.291, -2.739
3234,   0.871, 11.396, -2.701
3242,   0.939, 11.320, -2.480
3252,   1.111, 11.119, -2.452
3261,   1.235, 10.975, -2.710
3271,   1.513, 10.764, -2.931
3284,   1.618, 10.496, -2.959
3292,   1.628, 10.295, -3.141
3302,   1.618, 10.190, -3.112
3312,   1.408,  9.950, -3.007
3322,   1.302,  9.883, -3.017
3332,   1.255,  9.883, -3.065
3343,   1.283,  9.989, -3.294
3353,   1.207,  9.960, -3.208
3363,   1.044,  9.902, -3.179
3373,   0.709,  9.481, -3.189
3385,   0.795,  9.424, -2.969
3395,   0.910,  9.366, -3.227
3405,   1.149,  8.983, -3.017
3415,   1.599,  8.820, -3.237
3429,   1.686,  8.600, -3.400
3437,   1.341,  8.408, -3.543
3446,   0.881,  8.437, -3.400
3456,   0.460,  8.677, -3.515
3466,   0.105,  8.772, -3.304
3476,   0.316,  8.686, -3.112
3486,   0.757,  8.399, -3.007
3498,   1.130,  8.294, -3.227
3511,   1.293,  8.274, -3.381
3519,   1.360,  8.006, -3.515
3529,   1.034,  7.968, -3.649
3541,   0.642,  7.863, -3.419
3550,   0.642,  7.910, -3.084
3560,   1.207,  8.131, -3.007
3570,   1.887,  8.169, -3.419
3579,   2.145,  8.073, -3.917
3589,   1.599,  7.939, -4.070
3605,   0.709,  7.997, -3.994
3611,  -0.048,  8.188, -3.783
3620,  -0.067,  8.255, -3.371
3630,   0.718,  8.131, -3.218
3644,   1.848,  7.863, -3.610
3651,   2.413,  7.614, -3.745
3661,   1.686,  7.652, -3.582
3671,   0.354,  7.930, -3.706
3681,  -0.527,  8.131, -3.227
3691,   0.144,  8.121, -3.342
3704,   1.120,  8.083, -3.658
3712,   1.523,  7.776, -3.716
3722,   1.312,  7.604, -3.543
3732,   0.670,  7.815, -3.247
3747,   0.192,  8.121, -3.017
3753,   0.153,  8.064, -3.055
3763,   0.402,  7.958, -3.247
3773,   0.795,  7.958, -3.160
3785,   1.044,  8.188, -3.208
3794,   1.034,  7.968, -3.285
3804,   0.766,  7.930, -3.486
3820,   0.565,  8.121, -3.582
3828,   0.393,  8.265, -3.371
3838,   0.517,  8.351, -2.950
3850,   0.594,  8.179, -3.237
3870,   0.431,  7.748, -3.677
3870,   0.441,  7.863, -4.003
3882,   0.555,  8.073, -3.917
3891,   0.824,  8.169, -3.859
3901,   1.235,  8.217, -3.850
3911,   1.427,  8.294, -3.879
3921,   1.073,  8.475, -3.850
3931,   0.603,  8.380, -4.156
3943,   0.393,  8.112, -4.204
3953,   0.479,  7.863, -4.243
3966,   0.517,  7.776, -4.089
3973,   0.421,  8.045, -4.061
3983,   0.421,  8.140, -3.706
3993,   0.441,  8.226, -3.802
4003,   0.680,  8.284, -4.080
4013,   0.843,  8.198, -4.128
4029,   1.044,  7.891, -4.147
4034,   0.958,  7.393, -4.357
4046,   0.575,  6.962, -4.204
4055,   0.287,  7.020, -4.310
4065,   0.115,  7.384, -4.281
4075,   0.048,  7.834, -3.831
4087,   0.297,  8.102, -3.926
4096,   0.441,  8.092, -4.108
4109,   0.393,  7.815, -4.281
4117,   0.287,  7.010, -4.626
4127,   0.124,  6.618, -4.166
4137,   0.010,  6.838, -3.716
4150,   0.488,  7.269, -4.233
4158,   0.728,  7.183, -4.128
4170,   1.034,  7.020, -4.032
4178,   0.929,  7.096, -3.486
4190,   0.603,  7.470, -3.668
4198,   0.316,  7.508, -4.453
4210,   0.048,  7.278, -4.568
4218,   0.010,  7.250, -4.539
4232,   0.067,  7.365, -4.472
4237,   0.153,  7.690, -3.898
4250,   0.508,  8.025, -4.022
4259,   0.843,  7.987, -4.070
4269,   0.891,  7.824, -3.859
4279,   0.785,  7.652, -3.850
4289,   0.488,  7.633, -3.515
4302,   0.306,  7.930, -3.591
4310,   0.306,  8.207, -4.156
4320,   0.565,  8.418, -4.118
4330,   0.939,  8.600, -3.630
4340,   1.149,  8.581, -3.486
4350,   1.082,  8.437, -3.419
4362,   0.843,  8.169, -3.390
4371,   0.546,  7.920, -3.783
4381,   0.354,  8.121, -3.572
4391,   0.431,  8.772, -3.745
4404,   0.594,  9.280, -4.108
4412,   0.747,  9.481, -3.831
4422,   0.910,  9.290, -3.170
4432,   0.996,  8.897, -2.873
4445,   0.881,  8.533, -2.490
4461,   0.651,  8.246, -2.739
4467,   0.737,  8.504, -3.151
4477,   0.929,  8.983, -3.716
4490,   0.996,  9.347, -3.879
4500,   0.939,  9.376, -3.658
4510,   0.824,  9.165, -3.199
4522,   0.670,  8.878, -2.768
4529,   0.469,  8.552, -2.662
4543,   0.287,  8.610, -2.174
4552,   0.297,  9.069, -2.576
4566,   0.412,  9.395, -3.448
4572,   0.603,  9.366, -3.859
4582,   0.881,  9.175, -3.476
4592,   1.034,  9.021, -3.179
4602,   0.900,  8.849, -2.863
4612,   0.795,  8.638, -2.461
4623,   0.891,  8.380, -2.461
4633,   0.996,  8.341, -1.858
4643,   1.197,  8.811, -2.279
4658,   1.197,  9.213, -3.496
4668,   1.063,  9.136, -3.333
4675,   1.092,  9.069, -2.595
4685,   1.073,  8.811, -2.030
4694,   0.833,  8.475, -1.724
4704,   0.441,  8.016, -2.136
4717,   0.067,  7.690, -2.289
4725,  -0.239,  7.499, -2.164
4735,  -0.306,  7.786, -2.634
4745,   0.000,  8.475, -2.768
4765,   0.757,  9.155, -2.988
4770,   1.341,  9.462, -3.093
4778,   1.293,  9.098, -2.701
4787,   0.757,  8.389, -2.251
4797,   0.067,  7.757, -2.298
4807,  -0.460,  7.537, -2.308
4819,  -0.594,  7.690, -2.701
4828,  -0.153,  8.313, -2.768
4838,   0.412,  9.117, -2.308
4851,   0.718,  9.778, -2.480
4867,   0.804,  9.634, -2.854
4873,   0.517,  8.677, -2.500
4883,   0.249,  8.073, -2.231
4892,   0.220,  8.025, -2.461
4902,   0.144,  8.150, -2.634
4912,   0.450,  9.175, -2.969
4925,   0.316,  9.404, -2.921
4932,   0.153,  9.663, -2.825
4944,  -0.010,  9.270, -2.471
4956,   0.192,  8.724, -2.002
4969,   0.555,  8.638, -2.097
4978,   0.690,  8.619, -2.423
4988,   0.364,  8.495, -2.547
4998,   0.172,  8.667, -3.007
5008,   0.134,  8.973, -2.969
5020,   0.316,  9.232, -2.768
5028,   0.776,  9.337, -2.768
5041,   1.034,  8.954, -2.567
5050,   0.948,  8.466, -2.327
5060,   0.642,  8.294, -2.452
5072,   0.144,  8.361, -2.758
5082,  -0.105,  8.667, -2.959
5091,  -0.096,  9.117, -3.496
5101,   0.124,  9.242, -3.170
5111,   0.431,  9.222, -3.247
5124,   0.536,  9.127, -3.208
5133,   0.575,  9.108, -3.132
5145,   0.565,  9.184, -3.361
5154,   0.584,  9.357, -3.735
5169,   0.680,  9.749, -4.108
5175,   0.613, 10.266, -4.089
5186,   0.373, 10.592, -3.764
5196,   0.144, 10.467, -3.658
5206,  -0.115,  9.902, -3.505
5216,  -0.259,  9.567, -3.304
5226,  -0.144,  9.692, -3.524
5238,   0.172,  9.989, -3.792
5258,   0.479, 10.266, -3.965
5258,   0.852, 10.487, -3.926
5270,   0.766, 10.554, -3.764
5285,   0.316, 10.515, -3.735
5291,  -0.211, 10.247, -3.745
5300,   0.057,  9.673, -3.065
5310,   0.565,  9.653, -2.978
5320,   0.910,  9.701, -3.218
5332,   0.900,  9.902, -3.802
5341,   0.498, 10.084, -4.233
5351,  -0.010, 10.285, -4.310
5361,  -0.287, 10.439, -3.955
5374,  -0.057, 10.343, -3.553
5386,   0.517, 10.008, -3.084
5395,   1.015,  9.740, -3.084
5403,   1.159,  9.596, -3.448
5413,   0.967,  9.548, -3.582
5423,   0.699,  9.596, -3.428
5435,   0.498,  9.941, -3.132
5443,   0.469, 10.247, -3.122
5456,   0.718, 10.238, -3.285
5466,   0.852,  9.960, -3.390
5476,   0.843,  9.797, -3.409
5489,   0.757,  9.807, -3.294
5497,   0.584,  9.883, -3.247
5507,   0.364, 10.056, -3.189
5519,   0.306, 10.410, -3.400
5528,   0.718, 11.291, -3.563
5540,   0.709, 11.463, -3.438
5548,   0.373, 11.425, -3.294
5561,   0.067, 11.291, -3.294
5570,  -0.038, 11.224, -3.390
5580,  -0.086, 11.368, -3.428
5591,   0.010, 11.636, -3.476
5601,   0.268, 11.952, -3.563
5611,   0.498, 12.191, -3.601
5628,   0.737, 12.287, -3.840
5633,   0.910, 12.105, -4.041
5645,   0.900, 11.847, -3.936
5654,   0.814, 11.684, -3.879
5666,   0.699, 11.779, -3.677
5675,   0.565, 11.894, -3.409
5686,   0.450, 12.000, -3.093
5699,   0.412, 12.163, -2.911
5707,   0.527, 12.249, -2.796
5717,   1.006, 11.617, -3.045
5727,   1.226, 11.195, -3.036
5739,   1.207, 10.860, -3.208
5749,   0.804, 10.908, -3.103
5759,   0.517, 11.214, -2.950
5769,   0.393, 11.339, -2.777
5779,   0.364, 11.329, -2.557
5794,   0.345, 11.310, -2.538
5799,   0.431, 11.195, -2.682
5812,   0.575, 11.023, -2.854
5821,   0.699, 10.918, -2.940
5836,   0.699, 10.793, -2.825
5844,   0.546, 10.793, -2.825
5856,   0.278, 10.975, -3.208
5866,   0.268, 11.032, -3.314
5876,   0.230, 10.937, -3.285
5886,   0.259, 10.812, -3.285
5897,   0.393, 10.774, -3.256
5911,   0.575, 10.755, -3.285
5918,   0.613, 10.678, -3.428
5928,   0.431, 11.186, -3.448
5940,   0.565, 10.429, -3.266
5950,   0.613, 10.285, -3.400
5958,   0.517, 10.448, -3.361
5971,   0.345, 10.544, -3.467
5979,   0.297, 10.515, -3.697
5989,   0.316, 10.257, -3.620
5997,   0.421, 10.238, -3.524
6011,   0.498, 10.295, -3.831
6020,   0.565, 10.276, -4.070
6030,   0.747, 10.257, -4.195
6040,   0.929, 10.238, -4.137
6052,   0.958, 10.228, -4.080
6062,   0.871, 10.199, -3.965
6075,   0.785, 10.180, -3.907
6083,   0.843, 10.171, -4.175
6095,   1.015, 10.104, -4.348
6104,   1.092,  9.922, -4.185
6118,   0.977,  9.950, -4.166
6123,   0.795, 10.046, -4.214
6136,   0.603, 10.027, -4.118
6143,   0.594,  9.922, -3.994
6156,   0.776,  9.845, -3.677
6163,   1.149,  9.768, -3.677
6175,   1.465,  9.701, -3.898
6184,   1.571,  9.634, -3.955
6196,   1.484,  9.242, -3.926
6205,   1.283,  9.213, -3.936
6215,   0.986,  9.251, -3.716
6224,   0.910,  9.357, -3.486
6237,   0.862,  9.385, -3.687
6244,   0.910,  9.290, -3.677
6257,   1.006,  9.155, -3.601
6269,   1.159,  8.590, -3.840
6282,   1.130,  8.351, -4.032
6290,   0.977,  8.418, -4.003
6300,   0.871,  8.475, -3.697
6310,   0.900,  8.677, -3.304
6325,   1.101,  8.744, -3.476
6332,   1.542,  8.466, -3.735
6342,   1.791,  8.389, -4.013
6352,   1.982,  8.341, -4.233
6364,   1.867,  8.361, -4.482
6373,   1.274,  8.552, -4.252
6386,   0.479,  8.811, -4.099
6394,  -0.048,  8.964, -4.022
6410,  -0.048,  8.993, -3.658
6415,   0.393,  8.772, -3.620
6425,   1.264,  8.504, -3.792
6435,   2.241,  8.361, -4.243
6447,   2.844,  7.968, -4.472
6458,   2.682,  7.776, -4.367
6472,   1.820,  8.025, -4.137
6479,   0.479,  8.131, -4.089
6489,  -0.546,  8.418, -3.783
6499,  -0.680,  8.590, -3.342
6509,   0.345,  8.456, -3.256
6519,   1.724,  8.361, -3.668
6531,   2.595,  8.092, -4.214
6541,   1.781,  8.016, -4.673
6554,   0.757,  8.341, -4.099
6563,   0.038,  8.600, -3.888
6575,  -0.019,  8.543, -4.051
6585,   0.393,  8.504, -4.080
6597,   1.101,  8.475, -4.013
6607,   1.504,  8.322, -4.338
6618,   1.666,  8.294, -4.559
6628,   1.580,  8.236, -4.281
6640,   1.350,  7.977, -4.061
6650,   0.776,  8.035, -4.434
6660,   0.776,  8.035, -4.434
6669,   0.441,  8.102, -3.783
6679,   0.517,  8.284, -3.610
6689,   0.680,  8.217, -3.859
6701,   0.939,  7.939, -4.156
6710,   1.245,  7.709, -4.099
6721,   1.389,  7.432, -4.243
6730,   1.446,  7.298, -4.223
6745,   1.235,  7.384, -3.725
6750,   0.690,  7.537, -3.687
6763,   0.364,  7.508, -3.716
6770,   0.354,  7.460, -3.716
6790,   0.565,  7.470, -3.984
6790,   0.785,  7.700, -3.687
6803,   0.833,  8.073, -3.505
6811,   0.718,  8.255, -3.524
6822,   0.575,  8.073, -3.055
6831,   0.450,  7.585, -2.634
6841,   0.373,  7.039, -2.624
6854,   0.249,  6.618, -2.758
6871,   0.134,  6.397, -3.285
6876,   0.124,  6.512, -3.237
6886,   0.163,  6.905, -3.045
6896,   0.201,  7.412, -3.160
6906,   0.144,  7.987, -3.084
6916,   0.029,  8.303, -2.854
6927,  -0.048,  8.255, -2.787
6937,  -0.096,  7.920, -2.873
6946,  -0.048,  7.001, -2.911
6961,   0.086,  6.905, -2.825
6971,   0.287,  7.259, -2.758
6981,   0.603,  8.159, -2.624
6993,   0.766,  9.088, -2.806
7003,   0.690,  9.404, -2.701
7013,   0.661,  9.194, -2.318
7026,   0.632,  8.571, -1.963
7035,   0.517,  7.863, -2.049
7045,   0.546,  7.106, -2.433
7055,   0.699,  6.694, -2.883
7068,   0.642,  7.786, -2.528
7078,   0.622,  9.175, -2.586
7090,   0.632, 10.075, -2.519
7100,   0.852, 10.065, -2.222
7110,   0.939,  9.299, -2.337
7119,   0.795,  8.408, -2.519
7131,   0.690,  7.939, -2.375
7141,   0.651,  7.776, -2.614
7153,   0.852,  8.092, -3.208
7161,   0.910,  8.820, -3.572
7171,   0.929,  9.500, -3.658
7191,   0.996,  9.883, -3.428
7193,   1.082,  9.797, -2.921
7203,   1.111,  9.357, -2.595
7215,   1.025,  8.849, -2.385
7228,   0.852,  8.466, -2.749
7236,   0.622,  8.361, -2.835
7246,   0.651,  8.705, -3.170
7256,   0.757,  9.270, -3.055
7266,   0.919,  9.491, -2.863
7280,   1.130,  9.155, -2.701
7290,   1.207,  8.648, -2.547
7300,   1.111,  8.246, -2.806
7309,   0.785,  8.054, -2.988
7319,   0.345,  8.294, -2.768
7331,   0.201,  8.820, -2.825
7341,   0.335,  9.261, -3.007
7350,   0.862,  9.232, -3.227
7365,   1.293,  8.945, -3.342
7370,   1.274,  8.648, -3.543
7380,   0.833,  8.447, -3.141
7390,   0.239,  8.313, -2.863
7400,  -0.144,  8.054, -2.816
7410,   0.067,  7.872, -3.199
7422,   0.680,  7.920, -3.563
7433,   1.053,  8.495, -3.428
7442,   1.207,  9.213, -3.256
7451,   1.073,  9.414, -3.218
7461,   0.795,  8.667, -3.112
7471,   0.469,  7.681, -2.710
7488,   0.364,  7.202, -2.528
7494,   0.498,  7.537, -2.921
7506,   0.441,  7.997, -3.112
7515,   0.096,  8.610, -3.314
7527,  -0.038,  9.098, -3.333
7536,  -0.163,  9.002, -3.668
7546,  -0.048,  8.456, -3.515
7556,  -0.067,  8.294, -3.591
7572,   0.287,  7.748, -3.294
7578,   0.268,  7.547, -3.419
7590,   0.124,  7.738, -3.773
7599,  -0.220,  8.274, -3.697
7609,  -0.211,  9.002, -3.400
7619,   0.182,  9.471, -3.639
7628,   0.766,  9.280, -4.022
7639,   0.862,  8.610, -4.003
7651,   0.594,  7.958, -3.936
7659,   0.211,  7.843, -3.879
7669,  -0.163,  8.236, -3.917
7679,  -0.268,  8.724, -3.926
7691,   0.105,  9.328, -3.888
7700,   0.728,  9.567, -3.725
7710,   1.130,  9.280, -3.754
7720,   1.101,  8.696, -3.831
7732,   0.728,  8.102, -3.620
7740,   0.259,  8.006, -3.390
7753,  -0.163,  8.361, -3.898
7761,  -0.239,  8.638, -4.022
7773,   0.105,  8.906, -3.946
7781,   0.804,  9.108, -4.099
7791,   0.871,  9.031, -4.185
7800,   0.517,  8.629, -4.108
7815,   0.259,  8.408, -3.840
7823,   0.287,  8.475, -3.745
7842,   0.393,  8.801, -3.898
7847,   0.508,  9.079, -4.051
7861,   0.622,  8.945, -4.128
7870,   0.622,  8.945, -4.128
7880,   0.134,  8.849, -4.405
7890,  -0.038,  9.031, -4.702
7900,   0.057,  9.290, -4.482
7910,   0.402,  9.452, -4.185
7922,   0.613,  9.634, -4.032
7931,   0.766,  9.711, -4.137
7945,   0.852,  9.538, -4.444
7951,   0.871,  9.270, -4.827
7961,   0.651,  9.117, -4.932
7973,   0.441,  9.299, -4.769
7986,   0.057,  9.634, -4.482
7994,  -0.316, 10.046, -4.271
8003,  -0.441, 10.142, -4.444
8016,  -0.192,  9.883, -4.616
8023,   0.297,  9.500, -4.606
8036,   0.824,  9.395, -4.549
8043,   1.063,  9.596, -4.578
8055,   0.958,  9.768, -4.310
8064,   0.594,  9.816, -3.879
8076,   0.211,  9.759, -3.582
8084,   0.144,  9.692, -3.390
8094,   0.527,  9.529, -3.438
8104,   1.034,  9.471, -3.457
8116,   1.255,  9.491, -3.524
8124,   1.235,  9.692, -3.563
8134,   0.958,  9.807, -3.496
8145,   0.737,  9.874, -3.620
8156,   0.862,  9.826, -3.515
8165,   0.977,  9.692, -3.065
8175,   0.871,  9.577, -2.835
8185,   0.498,  9.586, -2.710
8200,   0.000,  9.663, -3.084
8206,  -0.239,  9.768, -3.553
8215,  -0.153,  9.998, -4.089
8225,   0.316, 10.496, -3.898
8235,   0.718, 10.994, -3.476
8248,   1.034, 10.831, -3.141
8259,   0.881, 10.649, -3.256
8269,   0.450, 10.563, -3.352
8281,   0.335, 10.649, -3.266
8289,   0.441, 10.745, -3.294
8301,   0.575, 10.793, -3.543
8309,   0.546, 10.860, -3.323
8321,   0.383, 11.004, -2.768
8329,   0.373, 11.109, -2.614
8339,   0.508, 11.234, -2.672
8349,   0.795, 11.396, -2.739
8361,   0.900, 11.483, -2.883
8370,   0.900, 11.272, -3.093
8380,   0.900, 10.985, -3.553
8390,   0.939, 10.937, -3.888
8403,   0.919, 11.052, -4.022
8411,   0.929, 11.281, -3.783
8420,   0.699, 11.626, -3.170
8430,   0.393, 11.914, -2.729
8442,   0.211, 12.124, -2.672
8451,   0.220, 12.182, -2.643
8463,   0.373, 12.210, -2.902
8475,   0.412, 12.277, -3.256
8488,   0.038, 12.000, -3.122
8496,  -0.278, 11.789, -2.988
8506,  -0.345, 11.492, -3.065
8517,  -0.259, 10.937, -3.333
8530,  -0.163, 10.295, -3.783
8539,  -0.029, 10.582, -3.926
8551,  -0.067, 11.090, -3.677
8560,  -0.239, 11.444, -3.428
8570,  -0.364, 11.703, -3.093
8579,  -0.412, 11.990, -2.653
8589,  -0.239, 12.191, -2.365
8599,   0.048, 12.230, -2.308
8615,   0.326, 12.134, -2.375
8620,   0.488, 11.818, -2.586
8630,   0.488, 11.425, -2.825
8640,   0.373, 11.320, -2.835
8650,   0.172, 11.425, -2.662
8662,   0.029, 11.550, -2.490
8671,  -0.019, 11.617, -2.193
8681,   0.105, 11.626, -2.184
8691,   0.412, 11.530, -2.605
8701,   0.737, 11.406, -2.998
8713,   0.881, 11.243, -3.179
8722,   0.747, 11.080, -2.969
8732,   0.603, 11.004, -2.729
8744,   0.508, 11.013, -2.806
8754,   0.508, 11.013, -2.806
8764,   0.881, 10.851, -2.892
8774,   0.910, 10.764, -3.237
8783,   0.843, 10.630, -3.486
8795,   0.766, 10.649, -3.620
8803,   0.747, 10.669, -3.179
8815,   0.670, 10.592, -2.998
8827,   0.603, 10.525, -2.988
8835,   0.670, 10.400, -3.247
8844,   0.785, 10.266, -3.735
8854,   0.843, 10.151, -3.974
8867,   0.737, 10.123, -3.994
8879,   0.642, 10.056, -3.649
8887,   0.699, 10.008, -3.428
8897,   0.843, 10.036, -3.486
8907,   1.044,  9.950, -3.812
8920,   1.111,  9.759, -4.175
8928,   1.034,  9.596, -4.530
8940,   0.737,  9.615, -4.587
8948,   0.412,  9.673, -4.405
8960,   0.239,  9.682, -3.792
8969,   0.297,  9.673, -3.371
8981,   0.555,  9.500, -3.256
8990,   0.977,  9.328, -3.122
9000,   1.178,  9.175, -3.457
9010,   1.101,  9.021, -3.821
9020,   0.785,  8.973, -4.070
9034,   0.211,  9.165, -3.745
9041,   0.699,  9.203, -3.218
9051,   1.542,  9.031, -2.854
9061,   2.212,  8.897, -2.433
9072,   2.394,  8.954, -2.816
9082,   2.021,  9.031, -3.620
9091,   1.235,  8.878, -4.252
9106,   0.479,  8.839, -4.262
9119,   0.077,  8.801, -3.515
9123,   0.306,  9.002, -2.509
9133,   1.015,  9.021, -2.346
9149,   1.877,  8.629, -2.969
9156,   2.231,  8.207, -3.725
9170,   1.896,  8.054, -4.348
9176,   1.130,  8.131, -4.511
9184,   0.335,  8.495, -3.984
9201,  -0.326,  8.935, -3.266
9206,  -0.536,  9.136, -2.720
9248,  -0.153,  9.079, -2.682
9248,   1.800,  8.303, -3.745
9248,   2.480,  8.332, -3.840
9252,   2.471,  8.399, -3.630
9263,   1.848,  8.246, -4.262
9276,   0.862,  8.255, -4.214
9290,  -0.019,  8.399, -4.022
9305,  -0.029,  8.638, -4.080
9312,   0.977,  8.303, -4.128
9320,   1.858,  8.083, -4.434
9330,   2.241,  8.016, -4.559
9344,   2.021,  8.140, -4.539
9353,   1.274,  8.274, -4.262
9363,   0.527,  8.246, -4.061
9372,   0.019,  8.246, -4.003
9384,  -0.163,  8.073, -3.946
9392,  -0.038,  7.843, -4.243
9402,   0.192,  7.575, -4.338
9412,   0.469,  7.518, -4.501
9421,   0.747,  7.604, -4.539
9431,   0.939,  7.882, -4.463
9446,   1.006,  8.169, -4.453
9454,   1.015,  8.207, -4.415
9464,   0.996,  7.872, -4.147
9474,   0.967,  7.537, -3.745
9484,   0.977,  7.365, -3.879
9494,   0.852,  7.192, -4.061
9507,   0.728,  7.068, -3.955
9515,   0.441,  6.914, -4.061
9525,   0.134,  6.905, -3.448
9535,   0.134,  6.905, -3.907
9545,   0.038,  7.298, -4.281
9557,   0.038,  7.240, -3.706
9569,   0.192,  7.202, -3.888
9581,   0.335,  6.819, -4.137
9588,   0.354,  6.397, -3.869
9600,   0.211,  6.100, -4.032
9608,   0.029,  6.206, -3.342
9621,   0.038,  6.752, -3.045
9628,   0.220,  7.269, -3.984
9640,   0.383,  7.259, -4.319
9652,   0.594,  6.943, -3.917
9660,   0.709,  6.503, -3.773
9669,   0.575,  6.225, -3.247
9681,   0.335,  6.359, -3.783
9689,   0.057,  6.665, -4.300
9709,  -0.067,  6.828, -4.348
9709,  -0.086,  6.934, -4.003
9722,   0.211,  7.116, -3.869
9730,   0.498,  7.192, -3.563
9740,   0.488,  7.144, -3.601
9750,   0.230,  7.029, -4.013
9762,  -0.211,  7.106, -3.831
9771,  -0.326,  7.499, -4.252
9781,  -0.124,  7.690, -4.693
9791,   0.287,  7.594, -4.377
9800,   0.642,  7.489, -3.888
9813,   0.642,  7.451, -3.946
9827,   0.201,  7.412, -3.984
9836,   0.057,  7.326, -4.156
9846,  -0.019,  7.154, -3.946
9859,   0.019,  7.355, -3.974
9869,   0.134,  7.901, -4.606
9882,   0.259,  8.456, -4.635
9911,   0.441,  8.878, -4.243
9911,   0.584,  8.935, -4.013
9911,   0.460,  8.495, -3.697
9921,   0.278,  7.853, -3.725
9930,   0.153,  7.298, -3.735
9940,   0.182,  7.020, -3.687
9950,   0.239,  7.336, -4.137
9960,   0.508,  8.274, -5.047
9973,   1.149,  9.232, -4.942
9983,   1.120,  9.165, -4.108
9995,   0.977,  8.753, -3.879
10005,   0.785,  8.045, -3.687
10014,   0.785,  7.441, -3.543
10028,   0.910,  7.068, -4.061
10037,   0.986,  7.163, -4.195
10050,   0.891,  7.642, -4.386
10059,   0.737,  8.054, -4.520
10074,   0.479,  8.265, -4.252
10079,   0.316,  8.102, -3.926
10091,   0.306,  7.709, -3.591
10099,   0.278,  7.230, -3.505
10111,   0.278,  6.962, -4.128
10121,   0.431,  7.087, -4.606
10142,   0.680,  7.547, -5.009
10161,   0.977,  8.389, -4.731
10161,   0.900,  8.255, -4.415
10171,   0.881,  7.872, -4.492
10181,   0.747,  7.278, -4.281
10200,   0.383,  7.029, -3.994
10210,   0.249,  7.240, -4.367
10213,   0.412,  7.403, -4.894
10220,   0.824,  7.585, -4.846
10230,   1.207,  7.949, -4.587
10241,   1.437,  8.341, -4.673
10251,   1.561,  8.294, -4.903
10263,   0.824,  7.326, -4.559
10276,   0.211,  7.125, -4.472
10284,  -0.249,  7.183, -4.080
10301,  -0.326,  7.527, -4.223
10306,   0.010,  7.891, -4.645
10316,   0.345,  8.198, -4.760
10326,   0.622,  8.131, -4.894
10339,   0.690,  7.719, -4.913
10348,   0.517,  7.479, -4.932
10358,   0.268,  7.623, -5.057
10369,  -0.048,  8.035, -4.664
10378,  -0.172,  8.600, -4.434
10389,  -0.105,  8.887, -4.999
10403,   0.144,  8.724, -5.210
10409,   0.412,  8.380, -5.152
10419,   0.498,  8.150, -5.239
10429,   0.565,  8.140, -5.104
10442,   0.622,  8.380, -4.846
10450,   0.757,  8.792, -4.310
10462,   0.680,  8.657, -4.214
10472,   0.441,  8.543, -4.530
10488,   0.163,  8.226, -4.559
10494,   0.019,  8.035, -4.645
10506,   0.010,  8.131, -5.162
10516,   0.153,  8.408, -4.951
10526,   0.364,  8.839, -4.511
10538,   0.460,  9.357, -4.549
10553,   0.575,  9.290, -4.367
10562,   0.737,  9.366, -4.310
10571,   0.785,  9.270, -4.348
10581,   0.728,  9.031, -4.520
10591,   0.766,  8.887, -4.990
10601,   0.785,  8.945, -4.961
10613,   0.661,  9.270, -4.769
10623,   0.527,  9.462, -4.635
10632,   0.364,  9.567, -4.626
10645,   0.124,  9.558, -4.482
10653,  -0.019,  9.376, -4.348
10666,   0.048,  9.270, -4.108
10673,   0.326,  9.337, -4.003
10685,   0.536,  9.414, -4.022
10697,   0.584,  9.558, -3.974
10709,   0.441,  9.615, -3.773
10714,   0.364,  9.424, -3.658
10726,   0.393,  9.194, -3.639
10734,   0.431,  9.079, -3.438
10746,   0.412,  9.117, -3.802
10755,   0.201,  9.146, -3.994
10765,   0.077,  9.347, -3.898
10774,   0.038,  9.424, -3.812
10787,   0.048,  9.424, -3.534
10797,   0.124,  9.443, -3.400
10807,   0.163,  9.433, -3.400
10818,  -0.249,  9.433, -3.218
10830,  -0.278,  9.471, -3.227
10838,   0.096,  9.376, -3.534
10851,   0.498,  9.357, -3.677
10859,   0.814,  9.299, -3.773
10871,   0.824,  9.462, -3.543
10878,   0.584,  9.720, -3.247
10892,   0.393,  9.989, -3.045
10905,   0.306,  9.989, -2.931
10915,   0.402,  9.787, -2.959
10923,   0.642,  9.586, -2.844
10935,   0.699,  9.864, -2.931
10944,   0.613, 10.372, -3.103
10956,   0.354, 10.659, -3.208
10964,   0.163, 10.745, -3.381
10972,   0.211, 10.908, -3.543
10985,   0.402, 11.195, -3.505
10997,   0.479, 11.463, -3.677
11007,   0.124, 11.607, -3.745
11018,  -0.287, 11.473, -3.687
11028,  -0.575, 11.368, -3.381
11041,  -0.517, 11.387, -3.045
11050,  -0.172, 11.473, -2.816
11060,   0.144, 11.425, -2.461
11070,   0.354, 11.416, -2.126
11082,   0.546, 11.530, -2.222
11092,   0.757, 11.732, -2.557
11105,   0.900, 12.038, -2.605
11120,   0.833, 12.210, -2.816
11147,   0.460, 12.297, -3.285
11157,   0.479, 12.325, -3.208
11157,   0.718, 12.431, -2.998
11160,   1.034, 12.450, -2.854
11178,   1.073, 12.536, -2.816
11183,   0.613, 12.632, -2.624
11196,   0.498, 12.488, -2.576
11210,   0.335, 12.230, -2.538
11223,   0.192, 12.048, -2.634
11238,   0.172, 11.693, -2.998
11246,   0.124, 11.645, -2.892
11264,  -0.019, 11.722, -2.097
11271,   0.010, 11.827, -1.800
11279,   0.230, 11.770, -2.279
11292,   0.421, 11.492, -2.854
11306,   0.124, 11.176, -2.768
11319,  -0.182, 11.291, -2.672
11326,  -0.450, 11.349, -2.653
11333,  -0.546, 11.310, -2.653
11350,  -0.479, 11.109, -2.911
11357,  -0.326, 11.042, -3.065
11370,  -0.220, 11.100, -3.160
11378,  -0.192, 11.262, -3.218
11388,  -0.278, 11.301, -3.084
11403,  -0.335, 11.004, -3.017
11413,  -0.287, 10.793, -3.160
11428,  -0.192, 10.563, -3.093
11441,  -0.038, 10.314, -2.806
11450,   0.297, 10.238, -2.385
11467,   0.268, 10.362, -2.835
11475,   0.096, 10.343, -3.304
11488,   0.048, 10.190, -3.390
11497,   0.029,  9.998, -3.457
11511,   0.153,  9.969, -3.620
11530,   0.249, 10.151, -3.390
11530,   0.642, 10.506, -3.218
11543,   0.871, 10.429, -3.601
11553,   0.977, 10.324, -3.792
11566,   0.900, 10.132, -3.706
11576,   0.661, 10.075, -3.601
11586,   0.345,  9.989, -3.534
11599,   0.259,  9.883, -3.333
11608,   0.517,  9.634, -3.342
11621,   1.092,  9.395, -3.237
11629,   1.877,  9.433, -3.754
11639,   1.647,  9.558, -3.926
11649,   1.216,  9.558, -3.792
11659,   0.680,  9.586, -3.524
11675,   0.421,  9.615, -3.323
11682,   0.402,  9.510, -3.160
11691,   0.450,  9.433, -3.199
11701,   0.651,  9.309, -3.237
11715,   1.044,  9.213, -3.428
11724,   1.408,  9.194, -3.505
11736,   1.437,  9.194, -3.457
11746,   1.178,  9.222, -3.409
11756,   0.680,  9.318, -3.218
11766,   0.402,  9.127, -3.065
11776,   0.412,  8.811, -3.045
11786,   0.747,  8.677, -3.065
11796,   0.929,  8.543, -3.524
11808,   0.718,  8.619, -3.342
11820,   0.259,  8.715, -2.959
11830,   0.134,  8.945, -2.442
11842,   0.326,  9.041, -2.490
11852,   0.670,  8.878, -2.873
11865,   0.948,  8.935, -2.911
11874,   0.977,  9.175, -3.457
11884,   0.642,  9.385, -4.137
11894,   0.105,  9.424, -4.061
11904,  -0.124,  9.270, -4.051
11917,  -0.029,  9.060, -3.371
11925,   0.115,  9.127, -2.500
11938,   1.130,  9.261, -3.840
11947,   1.542,  9.031, -4.788
11957,   1.341,  9.098, -4.922
11967,   0.642,  9.395, -4.281
11977,  -0.326,  9.538, -3.974
11989,  -0.996,  9.337, -3.601
11998,  -1.111,  9.155, -3.304
12008,  -0.402,  8.677, -3.476
12018,   0.795,  8.571, -3.840
12028,   1.666,  8.543, -4.319
12041,   1.628,  8.715, -4.530
12049,   0.766,  9.088, -4.817
12059,  -0.287,  9.558, -4.645
12069,  -1.044,  9.510, -4.453
12079,  -1.322,  9.213, -4.175
12089,  -0.919,  8.782, -4.041
12101,  -0.010,  8.322, -4.271
12111,   1.025,  8.207, -4.367
12121,   1.599,  8.284, -4.578
12131,   1.504,  8.284, -4.903
12141,   0.843,  8.389, -4.951
12151,   0.297,  8.610, -4.721
12161,   0.029,  8.619, -4.817
12171,  -0.144,  8.514, -4.779
12181,  -0.029,  8.284, -4.894
12193,   0.316,  7.968, -5.018
12203,   0.699,  7.776, -5.066
12213,   0.948,  7.652, -5.353
12223,   0.929,  7.298, -5.315
12233,   0.153,  7.336, -5.181
12248,   0.096,  7.412, -5.382
12254,   0.268,  7.403, -5.698
12264,   0.575,  7.441, -5.851
12274,   0.642,  7.556, -6.091
12286,   0.527,  7.518, -5.918
12295,   0.441,  7.422, -5.861
12305,   0.316,  7.259, -5.765
12314,   0.278,  6.991, -5.392
12324,   0.287,  6.876, -5.124
12334,   0.402,  6.685, -5.440
12348,   0.603,  6.340, -5.535
12356,   0.785,  6.225, -5.449
12366,   0.939,  6.263, -5.784
12376,   0.910,  6.483, -5.286
12386,   0.766,  6.579, -4.999
12396,   0.661,  6.541, -5.248
12405,   0.508,  6.330, -5.037
12415,   0.326,  6.235, -4.846
12429,   0.211,  6.158, -4.875
12437,   0.230,  5.890, -4.587
12450,   0.278,  5.507, -4.434
12457,   0.373,  5.210, -4.539
12467,   0.450,  5.114, -4.262
12479,   0.364,  5.488, -4.223
12487,   0.211,  6.177, -4.942
12497,  -0.067,  6.464, -5.018
12507,  -0.211,  6.474, -4.128
12517,  -0.153,  6.378, -4.041
12527,   0.105,  6.187, -4.080
12539,   0.335,  5.756, -4.032
12549,   0.373,  5.363, -4.367
12558,   0.124,  5.076, -4.693
12568,  -0.182,  5.171, -4.061
12578,  -0.239,  5.899, -4.175
12588,  -0.086,  6.838, -4.310
12598,   0.239,  7.250, -4.281
12610,   0.622,  7.230, -3.907
12620,   0.747,  7.029, -3.428
12630,   0.488,  6.790, -3.371
12644,   0.316,  6.761, -3.716
12650,   0.105,  6.618, -3.764
12661,   0.029,  7.077, -5.267
12671,   0.211,  7.843, -4.913
12681,   0.517,  8.619, -4.501
12691,   0.709,  8.868, -4.185
12701,   0.776,  8.504, -3.649
12711,   0.776,  7.805, -3.275
12725,   0.709,  7.163, -3.677
12734,   0.584,  6.867, -3.725
12744,   0.402,  7.144, -3.917
12759,   0.249,  7.872, -4.894
12766,   0.077,  8.514, -5.009
12776,   0.192,  9.060, -4.424
12786,   0.546,  9.251, -4.128
12796,   0.881,  9.146, -3.783
12806,   0.910,  8.715, -3.227
12816,   0.757,  8.332, -3.199
12829,   0.613,  8.294, -3.553
12838,   0.584,  8.399, -3.850
12848,   0.661,  8.677, -4.329
12860,   0.776,  8.839, -4.396
12869,   0.670,  8.552, -3.553
12881,   0.690,  8.418, -3.572
12889,   0.546,  8.274, -3.323
12899,   0.498,  8.246, -3.361
12909,   0.508,  8.217, -3.783
12919,   0.584,  7.997, -3.582
12935,   0.546,  7.987, -3.773
12941,   0.527,  8.255, -4.281
12951,   0.565,  8.619, -4.041
12963,   0.488,  8.801, -3.792
12972,   0.249,  8.734, -3.859
12982,   0.096,  8.332, -3.620
12992,   0.287,  7.776, -3.352
13002,   0.527,  7.384, -3.677
13011,   0.651,  7.384, -3.524
13024,   0.680,  7.700, -3.783
13033,   0.546,  7.977, -4.501
13043,   0.364,  8.102, -4.530
13053,   0.086,  8.188, -3.869
13064,  -0.077,  8.466, -4.051
13074,  -0.163,  8.677, -4.635
13084,  -0.259,  8.600, -4.664
13094,  -0.278,  8.370, -4.645
13104,  -0.259,  8.016, -4.520
13116,  -0.211,  7.796, -4.214
13125,   0.019,  7.997, -4.319
13138,   0.306,  8.437, -4.721
13145,   0.508,  8.973, -4.530
13155,   0.517,  9.280, -4.357
13165,   0.335,  8.906, -4.367
13175,   0.134,  8.150, -4.080
13185,  -0.067,  7.824, -4.032
13198,  -0.172,  8.121, -4.166
13207,  -0.086,  8.341, -4.281
13217,   0.067,  8.581, -4.616
13227,   0.393,  8.552, -4.185
13237,   0.594,  8.418, -3.907
13247,   0.584,  8.456, -4.089
13257,   0.364,  8.303, -4.128
13268,   0.134,  8.179, -4.185
13278,   0.105,  8.408, -4.310
13287,   0.306,  8.868, -4.472
13297,   0.584,  9.060, -4.195
13307,   0.871,  8.916, -4.137
13317,   0.919,  8.533, -4.089
13327,   0.766,  8.159, -3.869
13337,   0.508,  8.140, -4.013
13347,   0.354,  8.380, -4.501
13360,   0.278,  8.657, -4.482
13372,   0.134,  8.954, -4.281
13379,  -0.057,  9.165, -4.396
13392,  -0.239,  9.108, -4.223
13399,  -0.249,  8.945, -3.965
13409,  -0.153,  8.782, -4.166
13419,   0.029,  8.811, -4.108
13429,   0.230,  9.012, -4.003
13444,   0.402,  9.194, -4.204
13450,   0.373,  9.261, -4.511
13462,   0.163,  9.414, -4.520
13474,   0.019,  9.558, -4.377
13481,   0.096,  9.538, -4.357
13491,   0.134,  9.491, -4.472
13501,   0.048,  9.290, -4.664
13513,  -0.096,  9.222, -4.846
13521,  -0.048,  9.232, -4.396
13531,   0.105,  9.318, -3.869
13541,   0.163,  9.663, -2.969
13551,   0.192, 10.104, -2.787
13561,   0.259, 10.238, -3.122
13577,   0.603, 10.008, -3.888
13585,   0.900,  9.855, -4.204
13594,   0.929,  9.807, -3.850
13607,   0.728, 10.065, -3.754
13615,   0.498, 10.218, -3.936
13625,   0.192,  9.606, -3.965
13635,   0.096,  9.500, -3.821
13647,   0.000,  9.711, -3.792
13655,  -0.259, 10.228, -3.352
13665,  -0.450, 10.918, -3.323
13678,  -0.364, 11.080, -3.505
13688,  -0.115, 10.544, -3.984
13697,  -0.010, 10.104, -4.003
13707,   0.144,  9.883, -3.419
13717,   0.335,  9.855, -3.084
13730,   0.402,  9.989, -3.256
13739,   0.450,  9.989, -3.218
13749,   0.469,  9.864, -2.892
13757,   0.393, 10.027, -2.749
13770,   0.211, 10.314, -2.988
13781,   0.019, 10.506, -3.132
13791,  -0.211, 10.611, -3.151
13800,  -0.172, 10.716, -3.093
13810,  -0.144, 10.640, -2.672
13822,   0.000, 10.582, -2.643
13832,   0.335, 10.525, -2.931
13845,   1.006, 10.314, -3.199
13855,   0.910, 10.218, -3.400
13865,   0.469, 10.448, -3.093
13877,  -0.096, 10.783, -3.007
13888,  -0.661, 11.262, -2.969
13897,  -0.871, 11.808, -2.662
13907,  -0.603, 11.971, -2.519
13917,   0.029, 11.665, -2.749
13927,   0.546, 11.262, -2.950
13937,   0.632, 10.956, -3.026
13949,   0.297, 11.052, -2.816
13959,  -0.067, 11.349, -2.634
13969,  -0.278, 11.569, -2.346
13982,  -0.057, 11.933, -1.963
13993,   0.096, 11.952, -2.174
14002,   0.326, 11.818, -2.519
14012,   0.546, 11.665, -2.863
14032,   0.565, 11.607, -2.969
14032,   0.278, 11.693, -2.835
14044,  -0.211, 11.847, -2.653
14053,  -0.622, 11.923, -2.547
14068,  -0.690, 12.038, -2.365
14073,  -0.479, 12.086, -2.078
14088,  -0.239, 11.942, -1.829
14094,  -0.029, 11.693, -1.906
14104,   0.124, 11.473, -2.212
14114,   0.287, 11.301, -2.471
14126,   0.259, 11.147, -2.557
14135,   0.096, 11.042, -2.346
14145,  -0.019, 11.023, -2.193
14155,  -0.057, 10.975, -2.184
14164,   0.019, 11.080, -2.251
14174,   0.105, 11.090, -2.404
14184,   0.077, 11.023, -2.538
14196,   0.029, 10.918, -2.749
14206,  -0.057, 10.774, -2.940
14216,  -0.163, 10.793, -2.883
14226,  -0.297, 10.851, -2.701
14236,  -0.441, 10.822, -2.595
14248,  -0.345, 10.870, -2.634
14257,  -0.182, 11.234, -2.595
14267,  -0.105, 11.128, -2.567
14277,  -0.086, 11.167, -2.624
14289,  -0.134, 11.100, -2.567
14303,  -0.211, 11.061, -2.567
14310,  -0.211, 10.956, -2.749
14319,  -0.115, 10.793, -2.825
14331,   0.029, 10.669, -2.854
14339,   0.153, 10.697, -2.854
14349,   0.230, 10.525, -3.103
14359,   0.019, 10.946, -3.572
14369,  -0.287, 10.985, -3.438
14379,  -0.373, 10.649, -3.342
14391,  -0.105, 10.534, -3.170
14401,   0.345, 10.439, -3.074
14411,   0.661, 10.333, -2.883
14421,   0.709, 10.276, -3.007
14430,   0.527, 10.257, -3.237
14440,   0.287, 10.257, -3.256
14450,   0.153, 10.305, -3.074
14463,   0.239, 10.094, -3.084
14475,   0.393,  9.883, -3.208
14484,   0.555,  9.778, -3.256
14499,   0.546,  9.596, -3.036
14511,   0.632,  9.625, -2.902
14517,   0.785,  9.519, -3.199
14527,   0.871,  9.270, -3.706
14537,   0.690,  9.232, -4.061
14547,   0.364,  9.165, -4.099
14557,   0.153,  9.318, -3.735
14569,   0.306,  9.404, -3.783
14578,   0.622,  9.318, -4.041
14597,   0.852,  9.060, -4.013
14601,   1.092,  8.887, -3.745
14610,   1.216,  8.906, -3.831
14618,   1.063,  8.811, -4.022
14628,   0.728,  8.734, -4.262
14638,   0.393,  8.744, -4.271
14650,   0.096,  8.744, -4.051
14660,   0.144,  8.801, -3.754
14670,   0.594,  8.792, -3.649
14680,   1.255,  8.811, -3.840
14692,   1.820,  8.782, -4.405
14702,   1.810,  8.811, -4.396
14711,   1.475,  8.724, -3.879
14725,   1.015,  8.638, -3.639
14732,   0.421,  8.533, -3.926
14741,   0.010,  8.619, -3.936
14751,   0.077,  8.686, -3.898
14761,   0.622,  8.657, -3.879
14771,   1.302,  8.696, -4.424
14781,   1.571,  8.696, -4.712
14793,   1.494,  8.782, -4.099
14803,   1.255,  8.782, -3.888
14813,   0.757,  8.705, -3.687
14823,   0.105,  8.897, -3.879
14832,  -0.479,  9.088, -3.812
14842,  -0.527,  9.088, -3.812
14855,  -0.057,  8.859, -3.879
14863,   0.891,  8.705, -3.974
14875,   1.762,  8.667, -4.185
14885,   1.810,  8.428, -4.070
14895,   1.044,  8.571, -3.764
14908,   0.211,  8.811, -3.438
14916,  -0.182,  8.887, -3.745
14926,  -0.115,  8.753, -3.974
14936,   0.603,  8.514, -3.955
14946,   1.686,  8.284, -4.061
14958,   2.346,  7.977, -4.338
14967,   2.174,  7.987, -4.568
14977,   1.398,  8.265, -4.836
14987,   0.441,  8.581, -4.922
15001,  -0.441,  8.782, -5.066
15010,  -1.044,  8.811, -4.951
15020,  -1.140,  8.571, -4.922
15030,  -0.412,  8.294, -5.076
15043,   0.967,  8.025, -5.219
15053,   2.260,  7.882, -5.143
15063,   2.672,  7.824, -5.028
15075,   2.136,  7.939, -5.191
15083,   0.029,  8.073, -5.258
15093,  -0.488,  8.207, -5.440
15103,  -0.555,  8.179, -5.478
15115,  -0.220,  7.872, -5.564
15125,   0.412,  7.518, -5.420
15152,   1.226,  7.374, -5.392
15158,   1.829,  7.518, -5.401
15160,   1.887,  7.863, -5.784
15168,   1.417,  7.920, -5.794
15181,   0.661,  7.671, -5.392
15191,   0.057,  7.489, -5.574
15200,  -0.067,  7.307, -5.909
15210,   0.057,  7.240, -5.602
15217,   0.412,  7.192, -5.679
15226,   0.871,  7.202, -5.478
15236,   1.149,  7.422, -5.574
15246,   1.053,  7.728, -6.110
15257,   0.718,  7.843, -6.292
15266,   0.335,  7.690, -5.794
15276,   0.220,  7.355, -5.660
15286,   0.450,  6.981, -5.459
15296,   0.785,  6.665, -5.085
15309,   1.025,  6.732, -5.085
15317,   1.159,  6.895, -5.219
15327,   1.053,  6.914, -5.143
15337,   0.814,  7.077, -5.009
15347,   0.709,  7.135, -5.037
15362,   0.728,  7.010, -4.875
15369,   0.852,  6.886, -4.702
15379,   0.852,  6.847, -4.511
15389,   0.929,  6.742, -4.377
15399,   0.852,  6.637, -4.233
15408,   0.833,  6.560, -4.444
15420,   0.709,  6.483, -4.693
15431,   0.613,  6.589, -4.185
15440,   0.613,  6.809, -4.233
15450,   0.632,  6.972, -4.616
15460,   0.603,  6.972, -4.453
15470,   0.575,  6.934, -4.175
15480,   0.230,  7.029, -4.195
15493,   0.201,  7.125, -4.204
15505,   0.172,  6.953, -4.271
15515,   0.067,  6.656, -3.974
15526,  -0.048,  6.455, -4.003
15535,  -0.172,  6.560, -4.329
15545,  -0.259,  7.010, -4.156
15555,  -0.239,  7.690, -4.884
15570,  -0.019,  8.255, -5.085
15576,   0.383,  8.207, -4.252
15586,   0.594,  7.863, -3.419
15596,   0.575,  7.585, -3.074
15606,   0.450,  7.278, -3.409
15616,   0.249,  7.116, -4.003
15628,   0.163,  7.240, -4.530
15638,   0.067,  7.661, -4.903
15648,   0.019,  8.092, -4.693
15658,   0.057,  8.447, -4.396
15670,   0.163,  8.657, -4.041
15678,   0.345,  8.619, -3.496
15688,   0.555,  8.428, -3.314
15698,   0.776,  7.824, -3.639
15710,   0.622,  7.594, -3.869
15719,   0.603,  7.767, -4.243
15730,   0.871,  8.380, -3.859
15739,   1.073,  9.098, -3.984
15752,   1.168,  9.615, -4.156
15760,   1.034,  9.529, -3.649
15770,   0.747,  9.041, -3.199
15784,   0.555,  8.514, -3.065
15792,   0.498,  8.073, -3.218
15801,   0.584,  7.738, -3.457
15815,   0.814,  7.642, -3.735
15825,   0.948,  7.690, -4.041
15835,   0.929,  8.198, -3.792
15845,   0.939,  8.906, -3.965
15854,   1.082,  9.050, -4.061
15867,   1.092,  8.562, -3.649
15880,   0.488,  7.604, -3.764
15889,   0.172,  7.307, -4.099
15899,   0.124,  7.269, -3.812
15909,   0.249,  7.709, -3.591
15919,   0.316,  8.361, -4.702
15932,   0.326,  8.610, -5.028
15941,   0.508,  8.389, -4.281
15950,   0.737,  8.207, -4.262
15960,   0.862,  8.150, -4.357
15970,   0.709,  7.949, -4.137
15983,   0.565,  7.776, -4.444
15995,   0.450,  7.719, -4.855
16002,   0.326,  7.863, -4.587
16012,   0.469,  8.447, -4.932
16022,   0.776,  8.638, -5.018
16035,   0.996,  8.236, -4.434
16043,   1.063,  7.930, -3.955
16053,   1.063,  7.671, -4.051
16062,   0.977,  7.336, -4.204
16072,   0.632,  6.991, -3.965
16082,   0.316,  6.981, -4.137
16092,   0.057,  7.192, -4.482
16105,  -0.048,  7.384, -4.559
16113,  -0.182,  7.470, -4.741
16123,  -0.287,  7.412, -5.066
16137,  -0.306,  7.441, -5.181
16145,  -0.182,  7.623, -5.143
16154,   0.067,  7.815, -4.865
16166,   0.230,  7.786, -4.578
16175,   0.287,  7.614, -4.587
16185,   0.249,  7.365, -4.836
16195,   0.479,  7.738, -4.942
16210,   0.555,  8.121, -4.942
16216,   0.555,  8.437, -4.788
16226,   0.431,  8.677, -4.846
16237,   0.134,  8.610, -4.980
16245,  -0.134,  8.351, -4.884
16258,  -0.239,  8.265, -4.693
16270,  -0.153,  8.380, -4.606
16279,   0.124,  8.600, -4.779
16289,   0.383,  8.677, -5.047
16299,   0.393,  8.696, -5.009
16309,   0.278,  8.696, -4.721
16322,   0.172,  8.552, -4.836
16330,   0.057,  8.437, -4.405
16342,   0.144,  8.389, -4.051
16351,   0.431,  8.466, -4.099
16360,   0.699,  8.456, -3.955
16370,   0.690,  8.198, -3.831
16380,   0.412,  8.035, -4.070
16399,   0.105,  8.073, -4.578
16403,   0.019,  8.418, -4.444
16413,   0.038,  8.705, -4.185
16423,   0.182,  8.878, -4.357
16432,   0.383,  8.696, -3.907
16445,   0.575,  8.303, -4.099
16453,   0.488,  8.466, -4.424
16463,   0.220,  8.734, -4.530
16473,   0.019,  9.136, -4.635
16482,  -0.067,  9.471, -4.779
16495,  -0.057,  9.634, -4.626
16505,  -0.038,  9.625, -4.386
16516,   0.029,  9.596, -4.281
16526,   0.268,  9.500, -4.367
16536,   0.345,  9.471, -4.386
16549,   0.115,  9.682, -4.338
16557,  -0.134,  9.950, -4.271
16567,  -0.086,  9.931, -4.185
16577,   0.019,  9.692, -4.377
16589,   0.192,  9.606, -4.731
16598,   0.383,  9.807, -4.970
16608,   0.345, 10.295, -4.894
16620,   0.268, 10.889, -4.913
16629,   0.259, 11.272, -5.028
16638,   0.268, 11.406, -5.114
16650,   0.230, 11.406, -5.200
16659,   0.163, 11.358, -5.277
16671,   0.057, 11.387, -4.846
16680,   0.048, 11.396, -4.223
16690,   0.306, 11.224, -3.630
16700,   0.565, 10.937, -3.409
16710,   0.804, 10.611, -3.677
16725,   0.871, 10.439, -3.840
16731,   0.594, 10.420, -3.668
16741,  -0.048, 10.487, -3.428
16752,   0.000, 10.362, -3.457
16761,   0.326, 10.458, -3.792
16774,   0.709, 10.582, -3.591
16782,   0.958, 10.467, -3.352
16792,   0.939, 10.218, -3.314
16802,   0.699,  9.969, -3.036
16812,   0.441,  9.740, -2.739
16823,   0.268,  9.644, -2.892
16832,   0.115,  9.615, -3.017
16850,  -0.077,  9.567, -2.863
16854,  -0.172,  9.519, -2.413
16864,  -0.144,  9.414, -1.982
16878,  -0.019,  9.184, -1.810
16893,   0.230,  8.399, -2.222
16901,   0.249,  8.226, -2.375
16914,   0.201,  8.179, -2.442
16923,   0.201,  8.255, -2.394
16936,   0.345,  8.437, -2.528
16944,   0.517,  8.514, -2.729
16957,   0.632,  8.523, -2.758
16965,   0.690,  8.543, -2.720
16977,   0.642,  8.552, -2.624
16985,   0.536,  8.744, -2.682
17000,   0.460,  9.251, -2.787
17007,   0.431,  9.797, -2.940
17020,   0.508, 10.745, -3.371
17030,   0.565, 11.186, -3.582
17039,   0.498, 11.530, -3.630
17052,   0.326, 11.837, -3.812
17060,   0.239, 11.990, -4.089
17072,   0.383, 12.182, -4.166
17082,   0.584, 12.345, -3.936
17091,   0.613, 12.316, -3.649
17101,   0.498, 12.201, -3.457
17111,   0.373, 12.096, -3.314
17121,   0.364, 11.933, -3.199
17137,   0.335, 11.550, -2.911
17150,   0.287, 11.080, -2.729
17153,   0.192, 10.755, -2.480
17166,   0.115, 10.563, -2.203
17174,   0.153, 10.343, -1.925
17183,   0.268, 10.190, -1.762
17195,   0.383, 10.027, -1.628
17203,   0.383,  9.759, -1.312
17215,   0.335,  9.500, -1.149
17224,   0.278,  9.414, -1.073
17234,   0.287,  9.443, -1.073
17244,   0.249,  9.481, -1.044
17256,   0.220,  9.548, -1.073
17265,   0.268,  9.548, -1.140
17275,   0.297,  9.577, -1.379
17285,   0.297,  9.644, -1.609
17297,   0.287,  9.720, -1.887
17306,   0.278,  9.835, -2.069
17316,   0.259,  9.883, -2.116
17326,   0.096,  9.969, -1.733
17338,   0.124,  9.960, -1.666
17347,   0.211,  9.931, -1.695
17357,   0.249,  9.941, -1.887
17367,   0.287,  9.941, -2.222
17381,   0.268,  9.960, -2.768
17388,   0.230, 10.036, -3.199
17397,   0.220, 10.065, -3.208
17407,   0.134, 10.104, -2.988
17427,   0.029, 10.190, -2.624
17427,   0.000, 10.362, -2.519
17440,   0.086, 10.534, -2.547
17449,   0.230, 10.563, -2.710
17461,   0.345, 10.506, -2.854
17513,   0.498, 10.429, -3.007
17513,   0.575, 10.295, -3.151
17513,   0.632, 10.094, -3.084
17516,   0.594,  9.902, -2.998
17516,   0.575,  9.720, -3.055
17525,   0.479,  9.682, -3.103
17533,   0.498,  9.787, -2.921
17552,   0.565,  9.730, -2.758
17552,   0.508,  9.653, -2.768
17565,   0.077,  9.433, -2.605
17575,  -0.105,  9.730, -2.289
17590,  -0.230,  9.586, -2.174
17600,  -0.182,  9.500, -2.136
17609,   0.067,  9.500, -1.992
17624,   0.316,  9.596, -2.011
17633,   0.508,  9.749, -2.184
17642,   0.259,  9.634, -2.614
17656,   0.134,  9.855, -2.614
17668,  -0.067, 10.477, -2.241
17681,  -0.096, 11.071, -1.724
17694,   0.134, 11.186, -1.551
17704,   0.192, 10.831, -1.973
17717,   0.086, 10.640, -2.040
17726,  -0.297, 10.496, -1.590
17736,  -0.622, 10.726, -1.073
17745,  -0.709, 11.061, -0.977
17761,  -0.431, 11.147, -1.188
17768,  -0.067, 10.918, -1.437
17779,   0.192, 10.697, -1.542
17788,   0.249, 10.573, -1.379
17802,   0.144, 10.697, -1.178
17808,   0.029, 10.831, -1.063
17818,  -0.057, 10.716, -0.948
17831,  -0.057, 10.065, -0.833
17841,   0.038,  9.778, -0.776
17851,   0.153,  9.519, -0.795
17861,   0.144,  9.357, -0.881
17877,   0.048,  9.280, -0.718
17884,  -0.038,  9.194, -0.613
17892,   0.010,  9.069, -0.632
17905,   0.163,  8.839, -0.737
17912,   0.479,  8.504, -1.082
17925,   0.690,  8.207, -1.561
17933,   0.661,  8.179, -2.011
17943,   0.555,  8.274, -2.270
17952,   0.460,  8.341, -2.097
17965,   0.450,  8.322, -1.858
17978,   0.431,  8.016, -1.446
17985,   0.469,  7.719, -1.216
17995,   0.584,  7.499, -1.245
18011,   0.737,  7.374, -1.044
18020,   0.881,  7.269, -1.006
18027,   0.929,  7.144, -1.034
18040,   0.862,  7.001, -1.264
18047,   0.622,  6.732, -1.456
18060,   0.326,  6.570, -1.168
18067,   0.048,  6.560, -0.757
18082,   0.029,  6.704,  0.029
18087,   0.134,  6.924,  0.824
18097,   0.239,  7.049,  1.130
18107,   0.527,  7.125,  1.006
18120,   0.939,  6.905,  0.632
18131,   1.341,  5.622,  0.632
18140,   1.427,  5.047, -2.107
18150,   0.833,  9.625, -3.314
18160,   0.728, 11.214, -2.528
18169,   0.814, 12.086,  0.172
18179,   1.006, 12.373, -0.163
18191,   1.073, 12.172, -2.931
18201,   1.015, 11.617, -5.028
18214,   0.910, 10.994, -5.104
18223,   0.479, 11.004, -3.907
18241,  -0.144, 11.818, -2.164
18242,  -0.498, 12.852, -0.862
18255,  -0.785, 13.340, -0.939
18264,  -0.402, 13.724, -1.369
18276,   0.326, 13.628, -1.676
18285,   0.766, 13.178, -1.427
18295,   0.958, 12.833, -1.140
18305,   0.852, 12.603, -1.207
18315,   0.642, 12.383, -1.532
18325,   0.460, 12.239, -1.140
18338,   0.412, 12.067, -0.996
18347,   0.412, 11.818, -0.939
18357,   0.364, 11.416, -0.728
18367,   0.278, 10.487, -0.488
18380,  -0.096, 10.171, -0.211
18389,  -0.239,  9.797, -0.086
18399,  -0.316,  9.625, -0.134
18409,  -0.335,  9.720,  0.115
18424,  -0.172,  9.883,  0.182
18430,  -0.115,  9.979,  0.278
18440,  -0.201, 10.094,  0.517
18450,  -0.316, 10.017,  0.517
18460,  -0.402,  9.768,  0.402
18470,  -0.421,  9.529,  0.555
18482,  -0.431,  9.222,  0.536
18492,  -0.469,  9.069,  0.354
18502,  -0.632,  9.194,  0.939
18514,  -0.661,  9.471,  0.852
18524,  -0.584,  9.673,  0.469
18534,  -0.393,  9.749,  0.536
18552,  -0.038,  9.701,  0.661
18567,   0.287,  9.491,  0.488
18567,   0.393,  9.357,  0.651
18577,   0.249,  9.376,  0.948
18589,   0.239,  9.491,  1.034
18601,   0.172,  9.615,  1.379
18610,   0.172,  9.730,  1.063
18618,   0.124,  9.902,  0.948
18628,   0.067, 10.046,  1.044
18640,  -0.029, 10.123,  1.197
18650,  -0.086, 10.084,  1.130
18659,  -0.124,  9.922,  1.360
18671,  -0.038,  9.749,  1.513
18679,   0.067,  9.558,  1.532
18693,   0.086,  9.414,  1.532
18699,   0.010,  9.261,  1.561
18712,   0.000,  9.127,  1.590
18722,   0.057,  9.088,  1.638
18734,   0.134,  9.261,  1.714
18743,   0.201,  9.625,  1.542
18755,   0.182, 10.094,  1.446
18764,   0.182, 10.410,  1.245
18776,   0.096, 10.410,  1.006
18785,  -0.096,  9.673,  1.264
18802,  -0.134,  9.270,  1.695
18806,  -0.182,  9.069,  1.925
18816,  -0.144,  8.954,  1.800
18826,   0.029,  9.002,  1.647
18839,   0.220,  9.098,  1.848
18848,   0.287,  9.261,  1.973
18860,   0.345,  9.424,  1.829
18870,   0.402,  9.558,  1.542
18881,   0.450,  9.577,  1.130
18891,   0.421,  9.615,  1.082
18902,   0.268,  9.807,  1.293
18912,   0.105, 10.056,  1.513
18922,   0.057, 10.285,  1.417
18932,   0.105, 10.420,  1.015
18945,   0.182, 10.429,  0.479
18954,  -0.048, 10.381,  0.287
18966,  -0.086, 10.238,  0.441
18975,  -0.077, 10.142,  0.555
18985,  -0.086, 10.123,  0.737
18997,   0.010, 10.132,  0.881
19007,   0.086, 10.075,  0.939
19020,   0.153, 10.036,  0.958
19027,   0.172,  9.989,  0.891
19036,   0.144, 10.027,  0.814
19049,   0.115, 10.017,  0.670
19058,   0.010,  9.749,  0.412
19070,  -0.239,  9.337,  0.373
19077,  -0.402,  9.117,  0.699
19091,  -0.383,  9.060,  0.728
19101,  -0.278,  9.079,  0.335
19112,  -0.134,  9.060, -0.086
19122,   0.000,  9.060, -0.345
19134,   0.115,  9.069, -0.431
19143,   0.105,  9.376, -0.661
19156,   0.019,  9.510, -0.757
19164,  -0.105,  9.586, -0.766
19176,  -0.239,  9.720, -0.776
19183,  -0.249,  9.816, -0.776
19193,  -0.038,  9.749, -0.747
19203,   0.134,  9.491, -0.785
19215,   0.192,  9.280, -0.737
19224,   0.115,  9.309, -0.670
19236,   0.038,  9.433, -0.718
19244,   0.000,  9.606, -0.728
19256,   0.048,  9.749, -0.680
19265,   0.038,  9.855, -0.651
19275,   0.010,  9.969, -0.661
19284,  -0.038,  9.902, -0.622
19297,  -0.115,  9.778, -0.575
19305,  -0.153,  9.625, -0.498
19317,  -0.134,  9.471, -0.536
19325,  -0.019,  9.318, -0.469
19337,   0.115,  9.337, -0.536
19346,   0.201,  9.443, -0.555
19358,   0.239,  9.538, -0.575
19369,   0.239,  9.586, -0.584
19377,   0.297,  9.606, -0.642
19386,   0.421,  9.606, -0.718
19396,   0.479,  9.625, -0.814
19406,   0.450,  9.663, -0.939
19418,   0.421,  9.663, -0.967
19427,   0.354,  9.644, -0.891
19437,   0.354,  9.663, -0.795
19447,   0.278,  9.634, -0.776
19460,   0.268,  9.567, -0.795
19468,   0.259,  9.548, -0.814
19480,   0.278,  9.519, -0.824
19488,   0.268,  9.644, -0.804
19497,   0.192,  9.720, -0.776
19511,   0.153,  9.701, -0.891
19523,   0.144,  9.701, -1.034
19532,   0.124,  9.634, -1.111
19545,   0.057,  9.692, -1.283
19555,  -0.057,  9.826, -1.379
19566,  -0.048,  9.941, -1.437
19578,   0.029,  9.941, -1.542
19586,   0.124,  9.845, -1.523
19595,   0.182,  9.634, -1.523
19605,   0.144,  9.433, -1.618
19618,   0.057,  9.357, -1.657
19626,  -0.029,  9.366, -1.724
19635,  -0.115,  9.404, -1.714
19645,  -0.182,  9.452, -1.590
19657,  -0.230,  9.481, -1.571
19667,  -0.278,  9.395, -1.647
19677,  -0.239,  9.242, -1.887
19691,  -0.182,  9.079, -2.126
19700,  -0.144,  9.002, -2.519
19712,  -0.134,  9.069, -2.557
19721,  -0.067,  9.136, -2.567
19731,  -0.038,  9.270, -2.519
19740,   0.000,  9.462, -2.538
19752,   0.057,  9.720, -2.595
19761,   0.115,  9.787, -2.643
19771,   0.134,  9.701, -2.691
19784,   0.182,  9.404, -2.796
19792,   0.239,  9.108, -2.978
19800,   0.239,  8.964, -3.179
19813,   0.230,  8.926, -3.227
19825,   0.144,  8.868, -3.132
19841,   0.010,  8.715, -3.189
19850,  -0.077,  8.715, -3.390
19860,  -0.192,  8.724, -3.639
19875,  -0.201,  8.696, -3.859
19885,  -0.230,  8.715, -4.070
19900,  -0.163,  8.705, -4.290
19909,  -0.105,  8.667, -4.329
19919,  -0.105,  8.686, -4.396
19928,  -0.163,  8.830, -4.482
19941,  -0.172,  8.897, -4.606
19950,  -0.201,  8.906, -4.702
19960,  -0.230,  8.753, -4.798
19970,  -0.345,  8.629, -4.970
19980,  -0.441,  8.523, -5.124
19993,  -0.527,  8.504, -5.200
20001,  -0.555,  8.610, -5.181
