64,  -1.638,  9.625,  0.326
64,  -1.666,  9.625,  0.373
64,  -1.657,  9.644,  0.373
64,  -1.638,  9.625,  0.373
65,  -1.657,  9.606,  0.326
65,  -1.686,  9.615,  0.268
65,  -1.551,  9.596,  0.278
65,  -1.628,  9.596,  0.230
65,  -1.628,  9.615,  0.259
65,  -1.628,  9.644,  0.278
65,  -1.609,  9.653,  0.249
65,  -1.609,  9.644,  0.239
65,  -1.590,  9.663,  0.268
65,  -1.580,  9.673,  0.259
71,  -1.561,  9.682,  0.259
81,  -1.571,  9.653,  0.306
91,  -1.590,  9.663,  0.287
251,  -1.599,  9.644,  0.278
251,  -1.609,  9.663,  0.306
251,  -1.676,  9.634,  0.297
251,  -1.676,  9.606,  0.306
252,  -1.666,  9.596,  0.287
252,  -1.705,  9.634,  0.297
252,  -1.714,  9.634,  0.306
252,  -1.714,  9.596,  0.326
252,  -1.705,  9.615,  0.316
252,  -1.743,  9.634,  0.306
252,  -1.705,  9.615,  0.306
266,  -1.695,  9.625,  0.287
269,  -1.647,  9.615,  0.259
269,  -1.638,  9.586,  0.297
269,  -1.628,  9.625,  0.335
272,  -1.666,  9.625,  0.354
272,  -1.638,  9.634,  0.354
276,  -1.647,  9.711,  0.268
286,  -1.590,  9.692,  0.249
436,  -1.513,  9.653,  0.182
436,  -1.456,  9.692,  0.105
436,  -1.417,  9.682,  0.124
436,  -1.417,  9.663,  0.057
436,  -1.475,  9.720, -0.010
436,  -1.561,  9.768, -0.048
436,  -1.590,  9.749, -0.057
439,  -1.657,  9.692, -0.048
439,  -1.695,  9.634,  0.029
439,  -1.743,  9.567,  0.057
439,  -1.666,  9.625,  0.029
439,  -1.628,  9.692, -0.010
439,  -1.532,  9.730, -0.124
439,  -1.427,  9.749, -0.287
443,  -1.274,  9.701, -0.450
456,  -1.149,  9.644, -0.527
463,  -1.092,  9.558, -0.594
473,  -1.044,  9.510, -0.584
627,  -1.034,  9.538, -0.536
628,  -0.996,  9.558, -0.469
628,  -0.996,  9.673, -0.287
628,  -0.986,  9.797, -0.163
628,  -1.006,  9.845, -0.067
628,  -1.015,  9.835,  0.086
628,  -0.977,  9.826,  0.172
628,  -0.910,  9.759,  0.211
628,  -0.833,  9.682,  0.192
628,  -0.766,  9.634,  0.153
631,  -0.757,  9.586,  0.153
631,  -0.785,  9.586,  0.077
631,  -0.900,  9.644,  0.057
631,  -0.967,  9.701,  0.019
631,  -1.092,  9.902, -0.057
637,  -1.245, 10.151, -0.105
647,  -1.408, 10.477, -0.230
657,  -1.618, 10.803, -0.297
814,  -1.935, 11.071, -0.402
815,  -2.184, 11.291, -0.517
815,  -2.423, 11.559, -0.498
815,  -2.710, 11.961, -0.412
815,  -2.931, 12.498, -0.124
815,  -3.141, 13.293,  0.278
815,  -3.237, 14.097,  0.785
815,  -3.457, 15.361,  1.168
815,  -4.214, 17.420,  1.389
815,  -4.750, 17.219,  1.255
815,  -5.104, 15.735,  0.881
815,  -5.085, 13.762, -0.278
815,  -4.501, 11.808, -2.241
815,  -3.247, 10.314, -4.444
815,  -1.465,  9.673, -5.842
842,   0.412,  9.768, -5.430
842,   1.829, 10.151, -3.438
845,   2.682, 10.362, -1.245
998,   3.017, 10.285,  0.249
998,   2.835,  9.855,  1.015
998,   2.576,  9.337,  1.599
998,   2.318,  9.002,  2.155
998,   2.126,  9.031,  2.365
998,   1.935,  9.500,  1.839
998,   1.465, 10.305,  0.383
998,   0.670, 10.918, -1.207
998,  -0.393, 10.985, -2.155
999,  -1.580, 10.621, -2.720
999,  -2.816,  9.941, -3.007
999,  -3.888,  9.376, -2.835
999,  -4.702,  9.155, -2.107
999,  -4.990,  9.127, -0.766
1008,  -4.779,  9.290,  0.575
1008,  -3.907,  9.443,  1.638
1021,  -2.107, 10.036,  1.542
1031,  -1.523, 10.218,  1.427
1041,  -1.101, 10.295,  1.082
1186,  -0.709, 10.190,  0.584
1186,  -0.345, 10.132,  0.086
1186,  -0.038,  9.998, -0.182
1186,   0.096,  9.855, -0.124
1186,  -0.048,  9.644,  0.249
1186,  -0.306,  9.491,  0.153
1186,  -0.546,  9.653, -0.172
1186,  -0.986,  9.519, -0.373
1186,  -1.398,  9.424, -0.632
1186,  -1.848,  9.261, -0.680
1186,  -2.164,  9.184, -0.651
1186,  -2.452,  9.069, -0.757
1186,  -2.500,  9.117, -0.881
1186,  -2.490,  9.108, -1.178
1193,  -2.308,  9.309, -1.293
1203,  -2.088,  9.586, -1.666
1213,  -1.906,  9.807, -2.097
1223,  -1.791,  9.893, -2.088
1383,  -1.599,  9.998, -1.944
1384,  -1.360, 10.180, -1.915
1384,  -1.120, 10.218, -1.753
1384,  -0.852, 10.161, -1.523
1384,  -0.421, 10.295, -1.417
1384,  -0.057, 10.467, -1.101
1384,   0.163, 10.544, -0.919
1384,   0.421, 10.659, -0.986
1384,   0.546, 10.889, -1.312
1384,   0.603, 11.205, -1.379
1386,   0.575, 11.588, -1.494
1386,   0.326, 11.732, -1.207
1386,  -0.134, 11.607, -1.264
1386,  -0.728, 11.272, -1.264
1386,  -1.255, 11.061, -1.437
1386,  -1.551, 10.678, -1.312
1396,  -1.398, 10.525, -1.446
1406,  -1.226, 10.285, -1.571
1560,  -0.919, 10.180, -1.714
1561,  -0.613, 10.180, -1.695
1561,  -0.364, 10.104, -1.609
1561,   0.000, 10.218, -1.561
1561,   0.239, 10.199, -1.561
1561,   0.239, 10.142, -1.532
1561,   0.105, 10.180, -2.088
1561,  -0.019, 10.257, -2.394
1561,  -0.326, 10.238, -2.634
1561,  -0.421, 10.142, -2.777
1561,  -0.517,  9.845, -2.720
1561,  -0.690,  9.270, -2.519
1561,  -0.852,  8.849, -2.614
1561,  -1.015,  8.629, -2.653
1573,  -1.120,  8.322, -2.816
1573,  -0.795,  8.294, -2.988
1580,  -0.278,  8.399, -2.873
1590,   0.211,  8.447, -2.251
1600,   0.824,  8.600, -1.695
1748,   1.331,  8.715, -0.728
1748,   1.666,  8.677, -0.421
1748,   1.906,  8.294, -0.144
1748,   1.781,  7.738,  0.182
1748,   1.446,  7.307, -0.163
1748,   0.508,  7.202, -1.657
1748,  -0.067,  7.460, -2.423
1748,  -0.182,  7.748, -2.595
1748,  -0.249,  7.604, -2.768
1748,  -0.268,  7.451, -2.710
1748,  -0.287,  7.077, -2.308
1748,  -0.354,  6.924, -2.212
1748,  -0.508,  6.914, -2.116
1748,  -0.757,  6.886, -1.944
1772,  -0.862,  6.867, -2.059
1775,  -0.795,  6.608, -2.078
1778,  -0.699,  6.263, -2.251
1788,  -0.594,  6.062, -2.270
1935,  -0.565,  5.890, -2.097
1935,  -0.421,  5.756, -1.925
1935,  -0.153,  5.602, -2.145
1935,   0.211,  5.622, -2.385
1935,   0.527,  5.631, -2.107
1936,   0.747,  5.756, -2.011
1936,   0.967,  5.928, -1.982
1936,   1.207,  5.928, -1.638
1936,   1.427,  6.014, -1.322
1938,   1.580,  5.957, -1.427
1938,   1.580,  5.708, -1.389
1938,   1.542,  5.622, -1.274
1938,   1.369,  5.890, -1.542
1938,   1.293,  6.273, -1.590
1943,   1.188,  6.972, -2.260
1952,   1.168,  6.914, -2.260
1966,   1.130,  6.972, -2.241
1972,   0.584,  6.618, -2.519
2122,   0.383,  6.675, -2.634
2123,   0.249,  6.981, -2.634
2123,   0.316,  7.317, -2.595
2123,   0.517,  7.614, -2.672
2125,   0.766,  7.805, -2.691
2125,   1.101,  7.728, -2.643
2125,   1.456,  7.527, -2.490
2125,   1.599,  7.326, -2.346
2125,   1.551,  7.096, -2.289
2125,   1.408,  6.943, -2.203
2125,   1.226,  6.991, -2.231
2125,   1.216,  7.221, -2.270
2125,   1.331,  7.479, -2.346
2125,   1.551,  7.815, -2.385
2125,   1.781,  8.006, -2.471
2135,   1.973,  7.853, -2.538
2145,   1.915,  7.527, -2.308
2156,   1.714,  7.125, -2.586
2307,   1.389,  7.010, -2.978
2307,   1.073,  7.202, -3.534
2307,   0.871,  7.776, -3.515
2308,   0.833,  8.351, -3.524
2308,   0.977,  8.571, -3.160
2308,   1.025,  8.447, -2.806
2308,   0.871,  8.131, -2.519
2308,   0.632,  7.910, -2.538
2310,   0.354,  7.815, -2.691
2310,   0.115,  7.824, -3.055
2310,  -0.029,  8.341, -2.509
2310,  -0.124,  8.849, -2.337
2310,  -0.096,  9.050, -2.519
2310,   0.163,  9.232, -2.825
2310,   0.670,  9.117, -3.476
2318,   1.216,  9.060, -3.476
2328,   1.417,  9.251, -2.595
2341,   1.274,  9.510, -1.695
2349,   0.603,  9.653, -1.781
2494,   0.201,  9.787, -2.270
2495,  -0.038, 10.084, -2.586
2495,  -0.144, 10.218, -2.787
2495,  -0.268, 10.123, -2.892
2495,  -0.393, 10.027, -3.045
2495,  -0.594,  9.893, -2.978
2495,  -0.795,  9.941, -2.873
2495,  -0.871, 10.381, -2.643
2495,  -0.833, 10.716, -2.279
2495,  -0.785, 10.659, -2.040
2497,  -0.795, 10.716, -1.810
2497,  -0.871, 10.611, -1.666
2497,  -1.034, 10.439, -1.753
2497,  -1.101, 10.458, -1.858
2505,  -0.996, 10.640, -1.906
2515,  -0.881, 10.870, -1.935
2524,  -0.728, 11.119, -1.762
2534,  -0.651, 11.262, -1.513
2682,  -0.737, 11.416, -1.274
2682,  -0.919, 11.636, -1.111
2682,  -1.188, 12.019, -1.025
2682,  -1.437, 12.335, -1.034
2682,  -1.580, 12.622, -1.082
2682,  -1.647, 12.613, -1.188
2682,  -1.753, 12.277, -1.255
2682,  -1.724, 11.933, -1.207
2682,  -1.695, 11.636, -0.986
2685,  -1.657, 11.349, -0.785
2685,  -1.638, 11.243, -0.536
2685,  -1.647, 11.205, -0.364
2685,  -1.686, 11.214, -0.278
2685,  -1.753, 11.262, -0.211
2688,  -1.963, 11.358, -0.508
2698,  -2.030, 11.463, -0.613
2708,  -2.145, 11.521, -0.613
2721,  -2.107, 11.550, -0.412
2731,  -1.915, 11.645, -0.115
2741,  -1.800, 11.732,  0.124
2751,  -1.733, 11.722,  0.306
2796,  -1.743, 11.626,  0.373
2799,  -1.781, 11.703,  0.259
2805,  -1.839, 11.779,  0.124
2805,  -1.915, 11.856,  0.096
2805,  -2.011, 11.827,  0.038
2813,  -1.963, 11.770,  0.067
2823,  -1.906, 11.703,  0.144
2833,  -2.002, 11.598,  0.182
2843,  -2.049, 11.521,  0.086
2853,  -2.088, 11.511,  0.029
2863,  -2.155, 11.473,  0.000
2873,  -2.184, 11.444,  0.038
2883,  -2.241, 11.358,  0.124
2898,  -2.289, 11.358,  0.192
2905,  -2.356, 11.377,  0.335
2914,  -2.327, 11.521,  0.460
2924,  -2.346, 11.569,  0.508
2934,  -2.327, 11.626,  0.575
2944,  -2.337, 11.770,  0.613
2957,  -2.318, 12.038,  0.642
2966,  -2.145, 12.239,  0.622
2979,  -1.858, 12.479,  0.527
2989,  -1.532, 12.641,  0.460
2999,  -1.274, 12.785,  0.431
3009,  -1.073, 12.833,  0.441
3019,  -1.034, 12.890,  0.460
3029,  -0.996, 12.814,  0.488
3039,  -0.996, 12.775,  0.431
3052,  -0.986, 12.699,  0.297
3061,  -0.996, 12.718,  0.086
3071,  -0.996, 12.900, -0.230
3081,  -0.967, 13.005, -0.613
3091,  -0.939, 12.948, -0.881
3106,  -1.025, 12.795, -0.871
3112,  -1.149, 12.536, -0.594
3124,  -1.398, 12.297, -0.220
3133,  -1.638, 12.115,  0.067
3143,  -1.896, 11.933,  0.239
3153,  -2.279, 11.732,  0.144
3162,  -2.174, 11.703, -0.048
3172,  -2.078, 11.607, -0.134
3242,  -1.973, 11.483, -0.153
3242,  -1.867, 11.387, -0.201
3242,  -1.743, 11.301, -0.057
3242,  -1.705, 11.100,  0.048
3242,  -1.609, 11.013, -0.010
3242,  -1.494, 11.042, -0.124
3245,  -1.379, 10.927, -0.096
3255,  -1.293, 10.774,  0.029
3265,  -1.245, 10.678,  0.096
3288,  -1.302, 10.716, -0.115
3291,  -1.389, 10.736, -0.201
3296,  -1.465, 10.487, -0.163
3305,  -1.417, 10.554, -0.555
3321,  -1.341, 10.563, -0.891
3399,  -1.120, 10.515, -1.063
3399,  -0.709, 10.458, -1.120
3399,  -0.326, 10.391, -0.881
3399,  -0.038, 10.113, -0.488
3399,   0.153,  9.902, -0.182
3401,   0.278,  9.950, -0.220
3401,   0.364, 10.084, -0.996
3401,   0.124,  9.787, -0.728
3408,  -0.182,  9.673, -0.718
3418,  -0.354,  9.778, -1.044
3427,  -0.584,  9.807, -1.331
3437,  -0.776,  9.826, -1.513
3447,  -0.967,  9.835, -1.753
3462,  -1.130,  9.692, -1.513
3471,  -1.437,  9.290, -1.446
3484,  -1.484,  9.481, -1.274
3493,  -1.609,  9.663, -1.504
3505,  -1.417,  9.778, -1.858
3515,  -1.101,  9.893, -2.088
3537,  -0.728,  9.845, -2.433
3538,  -0.450,  9.615, -2.758
3547,  -0.201,  9.452, -2.969
3560,  -0.230,  9.424, -2.184
3567,  -0.287,  9.328, -1.408
3580,  -0.373,  9.232, -0.766
3588,  -0.373,  8.993, -0.412
3598,  -0.105,  9.175, -0.642
3608,   0.163,  9.136, -0.977
3618,   0.364,  9.108, -1.571
3630,   0.441,  8.954, -2.040
3661,   0.804,  8.935, -1.839
3664,   0.929,  8.849, -1.580
3664,   0.929,  8.696, -1.618
3671,   0.824,  8.753, -1.724
3702,   0.479,  8.811, -1.839
3704,   0.010,  8.916, -2.174
3704,  -0.287,  8.926, -2.423
3711,  -0.450,  8.820, -2.327
3724,  -0.565,  8.437, -2.059
3732,  -0.517,  8.351, -2.155
3786,  -0.364,  8.389, -2.624
3786,  -0.153,  8.447, -2.777
3786,  -0.038,  8.361, -2.662
3786,   0.077,  8.437, -2.346
3786,   0.077,  8.686, -2.231
3793,  -0.038,  8.734, -2.059
3803,  -0.182,  8.667, -2.069
4401,  -0.383,  8.322, -2.605
4412,  -0.431,  8.159, -2.452
4412,  -0.354,  7.863, -2.538
4416,  -0.249,  7.748, -2.318
4416,  -0.211,  7.958, -2.241
4419,  -0.230,  7.949, -2.557
4420,  -0.172,  8.169, -2.490
4422,   0.029,  8.332, -2.672
4422,   0.259,  8.523, -2.950
4422,   0.441,  8.370, -3.141
4422,   0.488,  8.121, -3.199
4424,   0.584,  7.834, -2.729
4425,   0.795,  7.728, -2.500
4427,   1.025,  7.796, -2.346
4428,   0.958,  7.805, -2.452
4428,   0.948,  7.738, -2.423
4430,   0.871,  7.470, -2.184
4430,   0.757,  7.422, -2.480
4430,   0.824,  7.633, -2.682
4430,   0.910,  7.690, -2.959
4430,   1.302,  7.489, -3.285
4431,   1.312,  7.144, -3.074
4431,   1.235,  6.847, -3.170
4433,   0.967,  6.254, -3.065
4433,   0.776,  5.918, -2.442
4433,   0.536,  5.737, -2.279
4433,   0.441,  5.708, -2.289
4436,   0.373,  5.708, -2.490
4436,   0.450,  5.516, -2.270
4436,   0.728,  5.296, -2.145
4436,   1.073,  5.085, -2.078
4439,   1.274,  5.047, -2.069
4439,   1.073,  5.104, -2.413
4439,   0.891,  5.286, -2.624
4442,   0.622,  5.420, -2.682
4442,   0.335,  5.488, -2.892
4444,   0.067,  5.344, -3.112
4445,  -0.019,  5.133, -3.093
4445,   0.019,  5.076, -2.806
4445,   0.211,  5.334, -2.691
4445,   0.383,  5.784, -2.452
4445,   0.680,  6.110, -2.423
4447,   0.948,  6.541, -2.490
4447,   1.034,  6.780, -2.500
4447,   1.034,  6.981, -2.433
4450,   0.977,  7.259, -2.538
4450,   0.986,  7.671, -2.614
4450,   1.025,  8.006, -2.605
4450,   1.073,  8.112, -2.490
4450,   1.015,  7.805, -2.662
4452,   0.929,  7.527, -2.988
4454,   0.919,  7.690, -3.026
4454,   0.843,  8.131, -3.074
4455,   0.785,  8.619, -3.007
4455,   0.757,  8.820, -2.806
4455,   0.718,  8.590, -2.433
4455,   0.642,  7.901, -2.203
4457,   0.460,  7.259, -2.461
4457,   0.383,  7.135, -2.911
4457,   0.699,  8.198, -3.524
4460,   0.824,  8.619, -3.333
4460,   0.690,  8.504, -3.103
4460,   0.393,  8.083, -3.026
4460,   0.105,  7.642, -2.950
4465,  -0.077,  7.355, -2.883
4475,  -0.287,  7.125, -2.844
4485,  -0.412,  7.345, -2.873
4495,  -0.383,  8.112, -2.873
4505,  -0.278,  8.610, -2.998
4519,  -0.048,  8.638, -3.055
4526,   0.412,  8.408, -2.931
4536,   0.843,  8.159, -2.672
4546,   1.044,  8.150, -2.337
4556,   0.814,  8.418, -2.365
4566,   0.373,  8.830, -2.557
4576,  -0.019,  9.203, -2.892
4586,  -0.297,  9.261, -3.026
4598,  -0.393,  9.175, -2.854
4607,  -0.326,  9.079, -2.509
4617,  -0.306,  8.973, -2.193
4627,  -0.306,  9.127, -2.136
4637,  -0.527,  9.414, -2.251
4649,  -0.728,  9.969, -2.595
4659,  -0.824, 10.515, -2.863
4669,  -0.929, 10.745, -3.007
4682,  -1.044, 10.822, -3.017
4691,  -1.274, 10.764, -2.758
4701,  -1.331, 10.707, -2.653
4715,  -1.255, 10.937, -2.471
4727,  -1.044, 11.195, -2.356
4734,  -0.852, 11.511, -2.193
4755,  -0.766, 11.856, -1.963
4758,  -0.814, 12.163, -1.800
4764,  -0.939, 12.402, -1.657
4885,  -1.101, 12.431, -1.705
4890,  -1.274, 12.249, -1.867
4890,  -1.255, 12.086, -2.107
4893,  -1.188, 11.981, -2.318
4895,  -1.006, 11.981, -2.298
4900,  -0.910, 12.048, -2.116
4902,  -0.891, 12.067, -1.810
4905,  -0.881, 12.105, -1.389
4905,  -1.015, 12.067, -1.063
4905,  -1.226, 11.961, -0.919
4913,  -1.513, 11.741, -0.939
4915,  -1.867, 11.358, -1.082
4923,  -2.164, 10.908, -1.331
4925,  -2.394, 10.525, -1.580
4926,  -2.490, 10.362, -1.810
4936,  -2.298, 10.420, -1.800
4942,  -1.695, 10.496, -1.408
4950,  -1.456, 10.477, -1.063
4959,  -1.331, 10.534, -0.728
4969,  -1.331, 10.831, -0.450
4979,  -1.551, 11.291, -0.259
4989,  -1.762, 11.779, -0.192
4999,  -1.954, 11.942, -0.086
5067,  -2.030, 11.933, -0.077
5068,  -2.021, 11.847, -0.086
5068,  -1.963, 11.875,  0.010
5068,  -1.867, 12.028,  0.067
5068,  -1.686, 12.172,  0.038
5068,  -1.417, 12.316, -0.048
5073,  -1.245, 12.335, -0.115
5083,  -1.264, 12.182, -0.115
5093,  -1.408, 12.019, -0.067
5103,  -1.657, 11.952, -0.048
5113,  -1.963, 11.952, -0.019
5124,  -2.260, 11.961, -0.144
5134,  -2.471, 12.009, -0.192
5161,  -2.547, 12.115, -0.249
5182,  -2.538, 12.287, -0.278
5182,  -2.365, 12.421, -0.220
5182,  -2.203, 12.574, -0.201
5184,  -2.040, 12.641, -0.201
5194,  -1.973, 12.584, -0.230
5204,  -2.002, 12.546, -0.278
5217,  -2.059, 12.574, -0.345
5227,  -2.145, 12.661, -0.393
5237,  -2.193, 12.823, -0.450
5247,  -2.289, 12.977, -0.412
5256,  -2.442, 13.053, -0.354
5266,  -2.471, 12.929, -0.326
5276,  -2.433, 12.833, -0.316
5286,  -2.375, 12.756, -0.201
5298,  -2.289, 12.670, -0.144
5308,  -2.231, 12.555, -0.230
5317,  -2.184, 12.364, -0.373
5329,  -2.116, 12.143, -0.498
5338,  -1.954, 12.000, -0.565
5348,  -1.714, 11.942, -0.546
5362,  -1.475, 11.952, -0.373
5369,  -1.360, 11.990, -0.057
5541,  -1.389, 11.837,  0.230
5541,  -1.580, 11.645,  0.326
5545,  -1.781, 11.377,  0.201
5545,  -1.992, 11.167, -0.134
5545,  -2.126, 11.080, -0.373
5548,  -2.184, 11.013, -0.536
5562,  -2.184, 10.898, -0.555
5568,  -2.097, 10.716, -0.575
5568,  -1.954, 10.467, -0.546
5568,  -1.733, 10.285, -0.460
5568,  -1.513, 10.228, -0.450
5569,  -1.341, 10.238, -0.527
5569,  -1.159, 10.218, -0.594
5569,  -0.891, 10.142, -0.661
5571,  -0.575, 10.075, -0.699
5571,  -0.326,  9.864, -0.565
5572,  -0.144,  9.835, -0.584
5572,  -0.115,  9.778, -0.709
5572,  -0.124,  9.759, -0.910
5574,  -0.144,  9.759, -1.063
5624,  -0.326,  9.682, -1.101
5627,  -0.699,  9.385, -0.967
5640,  -1.044,  9.290, -1.034
5642,  -1.302,  9.347, -1.245
5649,  -1.504,  9.328, -1.188
5652,  -1.417,  9.558, -1.666
5655,  -1.092,  9.653, -1.523
5657,  -0.862,  9.711, -1.255
5667,  -0.613,  9.807, -1.341
5677,  -0.412,  9.787, -1.484
5687,  -0.287,  9.625, -1.705
5699,  -0.249,  9.357, -1.724
5709,  -0.211,  9.194, -1.628
5729,  -0.163,  9.318, -1.590
5731,  -0.287,  9.481, -1.628
5741,  -0.575,  9.491, -1.456
5751,  -0.757,  9.634, -1.657
5761,  -0.871,  9.586, -1.935
5775,  -0.814,  9.395, -1.982
5782,  -0.594,  9.203, -1.618
5792,  -0.115,  9.203, -1.484
5802,   0.546,  9.088, -1.159
5814,   0.766,  9.213, -1.178
5824,   0.795,  9.462, -1.733
5869,   0.498,  9.452, -2.241
5869,   0.010,  9.385, -2.241
5871,  -0.393,  9.443, -2.413
5871,  -0.747,  9.462, -2.423
5875,  -0.900,  9.529, -2.547
5885,  -0.881,  9.309, -2.375
5894,  -0.613,  9.155, -2.107
5904,  -0.326,  9.012, -2.394
5914,  -0.029,  8.744, -2.490
5931,   0.297,  8.648, -2.442
5936,   0.565,  8.428, -2.097
5946,   0.824,  8.686, -1.781
5956,   0.948,  8.926, -1.523
5994,   0.986,  9.079, -1.810
5994,   0.910,  9.127, -1.944
5994,   0.833,  9.117, -2.174
5994,   0.680,  8.897, -2.509
6006,   0.441,  8.734, -2.998
6016,   0.316,  8.811, -3.888
6026,   0.182,  8.734, -3.898
6036,   0.259,  8.590, -3.812
6048,   0.431,  8.475, -3.381
6058,   0.508,  8.332, -2.950
6068,   0.479,  8.064, -2.461
6078,   0.441,  8.035, -2.203
6090,   0.431,  8.102, -2.222
6115,   0.728,  8.552, -3.141
6115,   0.728,  8.552, -3.141
6120,   1.149,  8.973, -3.812
6130,   1.494,  9.031, -3.620
6164,   1.695,  8.906, -3.438
6168,   1.609,  8.466, -2.950
6168,   1.302,  8.112, -3.065
6171,   0.852,  7.901, -3.438
6181,   0.450,  7.977, -3.706
6216,   0.220,  8.016, -3.984
6216,   0.278,  8.045, -4.032
6217,   0.450,  7.939, -4.147
6221,   0.680,  7.709, -4.137
6240,   0.996,  7.403, -4.070
6244,   1.120,  7.116, -3.898
6252,   1.216,  7.020, -3.639
6262,   1.226,  7.020, -3.582
6272,   1.188,  7.183, -3.745
6282,   1.283,  7.183, -4.051
6291,   1.475,  7.058, -4.022
6311,   1.628,  6.752, -3.620
6311,   1.781,  6.416, -3.381
6323,   1.839,  5.947, -3.017
6336,   1.915,  5.574, -2.911
6344,   1.896,  5.353, -2.720
6360,   1.820,  5.162, -2.567
6364,   1.676,  5.143, -2.595
6374,   1.618,  5.009, -2.528
6389,   1.705,  4.990, -2.634
6394,   1.887,  5.162, -2.777
6404,   2.030,  5.449, -2.825
6507,   1.954,  5.737, -2.873
6510,   1.743,  5.708, -2.998
6510,   1.465,  5.468, -3.093
6510,   1.120,  5.181, -3.199
6510,   0.728,  4.750, -3.247
6510,   0.450,  4.511, -3.304
6510,   0.287,  4.597, -3.304
6510,   0.517,  5.028, -2.902
6510,   0.881,  5.526, -2.749
6510,   1.264,  5.995, -2.174
6515,   1.532,  6.349, -2.318
6525,   1.695,  6.436, -2.672
6535,   1.580,  6.302, -2.720
6548,   0.699,  5.411, -3.141
6556,   0.354,  5.583, -3.017
6566,   0.393,  6.091, -2.682
6586,   0.804,  6.761, -2.423
6588,   1.437,  7.259, -2.624
6598,   1.963,  7.508, -2.950
6608,   2.145,  7.470, -2.883
6618,   1.753,  6.857, -3.333
6640,   0.939,  6.694, -3.045
6640,   0.115,  6.981, -2.519
6650,  -0.488,  7.451, -2.174
6660,  -0.651,  7.949, -2.231
6670,  -0.412,  8.485, -2.365
6686,  -0.010,  8.322, -3.869
6690,   0.450,  8.073, -4.760
6700,   0.488,  7.891, -4.539
6712,   0.249,  7.843, -3.342
6721,  -0.278,  7.652, -2.672
6756,  -0.699,  7.690, -2.567
6762,  -0.948,  8.073, -3.237
6763,  -0.967,  8.361, -3.505
6763,  -0.555,  8.772, -3.649
6771,   0.048,  8.964, -3.639
6781,   0.776,  8.993, -3.419
6791,   1.331,  8.954, -3.256
6801,   1.369,  8.801, -3.084
6816,   1.034,  8.801, -2.998
6822,   0.450,  8.859, -2.998
6832,  -0.067,  8.878, -3.151
6842,  -0.306,  8.954, -3.543
6852,  -0.105,  8.935, -3.677
6865,   0.306,  8.983, -3.563
6874,   0.690,  9.280, -3.237
6884,   0.795,  9.519, -2.911
6894,   0.632,  9.720, -2.902
6904,   0.067, 10.420, -3.074
6914,  -0.067, 10.745, -3.266
6942,  -0.096, 10.937, -3.333
6942,  -0.105, 11.109, -3.381
6945,  -0.105, 11.301, -3.419
6955,  -0.249, 11.368, -3.294
6969,  -0.441, 11.387, -3.227
6975,  -0.469, 11.377, -3.160
6985,  -0.479, 11.396, -2.959
6995,  -0.460, 11.617, -2.749
7005,  -0.441, 11.866, -2.624
7015,  -0.364, 12.000, -2.567
7025,  -0.373, 11.942, -2.528
7035,  -0.364, 11.875, -2.509
7045,  -0.441, 11.770, -2.375
7055,  -0.508, 11.760, -2.327
7066,  -0.527, 11.818, -2.174
7076,  -0.603, 11.923, -2.049
7086,  -0.737, 12.038, -1.915
7096,  -0.862, 12.076, -1.772
7106,  -1.063, 11.961, -1.762
7120,  -1.283, 11.770, -1.829
7126,  -1.532, 11.559, -1.858
7136,  -1.676, 11.349, -1.887
7164,  -1.791, 11.186, -1.867
7164,  -1.839, 11.052, -1.867
7167,  -1.820, 11.013, -1.829
7177,  -1.762, 11.042, -1.781
7187,  -1.733, 11.071, -1.599
7197,  -1.695, 11.109, -1.350
7207,  -1.686, 11.109, -1.111
7217,  -1.714, 11.243, -0.910
7227,  -1.724, 11.502, -0.757
7240,  -1.695, 11.847, -0.603
7249,  -1.705, 12.019, -0.488
7259,  -1.551, 12.067, -0.383
7269,  -1.360, 11.942, -0.373
7280,  -1.111, 11.799, -0.450
7290,  -0.939, 11.779, -0.527
7303,  -0.881, 11.799, -0.603
7313,  -0.977, 12.028, -0.565
7322,  -1.456, 12.469, -0.479
7330,  -1.456, 12.469, -0.479
7346,  -1.906, 12.316, -0.460
7350,  -2.040, 12.076, -0.393
7360,  -2.078, 11.789, -0.297
7370,  -2.078, 11.598, -0.259
7381,  -2.040, 11.569, -0.259
7391,  -2.002, 11.674, -0.326
7414,  -2.011, 11.904, -0.393
7417,  -2.107, 12.115, -0.517
7421,  -2.241, 12.335, -0.584
7434,  -2.327, 12.469, -0.632
7447,  -2.394, 12.641, -0.680
7452,  -2.375, 12.718, -0.661
7462,  -2.241, 12.823, -0.622
7472,  -2.145, 12.929, -0.469
7483,  -2.088, 12.938, -0.268
7493,  -2.059, 12.900, -0.163
7517,  -2.059, 12.747, -0.153
7517,  -2.145, 12.584, -0.230
7525,  -2.203, 12.412, -0.354
7562,  -2.308, 12.201, -0.450
7568,  -2.356, 11.961, -0.517
7568,  -2.375, 11.779, -0.536
7576,  -2.270, 11.550, -0.488
7580,  -2.126, 11.205, -0.421
7586,  -1.973, 10.831, -0.383
7597,  -1.810, 10.515, -0.354
7606,  -1.705, 10.353, -0.306
7618,  -1.647, 10.266, -0.306
7628,  -1.647, 10.285, -0.393
7642,  -1.618, 10.324, -0.402
7649,  -1.618, 10.276, -0.373
7659,  -1.590, 10.008, -0.460
7669,  -1.561,  9.787, -0.498
7686,  -1.484,  9.615, -0.517
7694,  -1.322,  9.663, -0.603
7707,  -1.188,  9.720, -0.690
7720,  -1.082,  9.759, -0.824
7728,  -0.977,  9.730, -0.852
7735,  -0.977,  9.596, -0.757
7748,  -0.967,  9.529, -0.699
7766,  -1.034,  9.586, -0.795
7773,  -1.006,  9.586, -0.958
7790,  -0.881,  9.606, -1.111
7793,  -0.709,  9.558, -1.168
7805,  -0.508,  9.519, -1.025
7815,  -0.278,  9.491, -0.910
7830,  -0.163,  9.510, -0.843
7839,  -0.278,  9.596, -1.073
7848,  -0.364,  9.606, -1.255
7857,  -0.469,  9.615, -1.322
7867,  -0.527,  9.634, -1.427
7877,  -0.613,  9.711, -1.523
7898,  -0.824,  9.835, -1.599
7901,  -1.111,  9.969, -1.705
7914,  -1.369,  9.931, -1.733
7927,  -1.437,  9.874, -1.781
7936,  -1.331,  9.816, -1.686
7945,  -1.063,  9.701, -1.666
7954,  -0.795,  9.567, -1.647
7969,  -0.584,  9.347, -1.446
7977,  -0.757,  9.280, -1.504
7987,  -1.044,  9.251, -1.542
8002,  -1.159,  9.261, -1.599
8016,  -1.255,  9.222, -1.695
8020,  -1.197,  9.290, -1.599
8030,  -1.025,  9.395, -1.504
8040,  -0.757,  9.500, -1.456
8050,  -0.460,  9.586, -1.408
8063,  -0.096,  9.586, -1.245
8070,   0.249,  9.491, -1.063
8080,   0.373,  9.510, -1.130
8097,   0.220,  9.395, -1.331
8100,  -0.144,  9.385, -1.465
8110,  -0.603,  9.385, -1.676
8173,  -0.939,  9.471, -1.810
8173,  -1.120,  9.596, -2.116
8173,  -1.140,  9.673, -1.915
8173,  -0.996,  9.787, -1.867
8173,  -0.852,  9.855, -1.992
8173,  -0.603,  9.950, -2.088
8183,  -0.326, 10.027, -2.279
8200,   0.029, 10.142, -2.184
8204,   0.402, 10.132, -1.867
8214,   0.555, 10.008, -1.331
8224,   0.469,  9.960, -1.207
8234,  -0.441,  9.768, -2.164
8318,  -0.900,  9.673, -2.241
8318,  -1.149,  9.615, -2.500
8320,  -1.063,  9.270, -2.471
8320,  -0.881,  9.002, -2.471
8320,  -0.891,  8.878, -2.547
8324,  -1.006,  9.079, -2.672
8324,  -1.092,  9.136, -2.614
8324,  -1.159,  9.242, -2.423
8326,  -1.130,  9.443, -2.452
8336,  -0.958,  9.682, -2.490
8346,  -0.795,  9.826, -2.787
8356,  -0.670,  9.519, -2.480
8366,  -0.508,  9.290, -2.337
8376,  -0.412,  8.897, -2.174
8386,  -0.383,  8.466, -2.394
8401,  -0.402,  8.322, -2.662
8408,  -0.326,  8.466, -2.825
8418,  -0.105,  8.868, -2.806
8428,   0.326,  9.270, -2.921
8440,   0.833,  9.328, -2.863
8450,   1.322,  9.108, -2.385
8460,   1.417,  8.686, -2.528
8470,   1.216,  8.418, -2.586
8485,   0.814,  8.380, -2.337
8494,   0.421,  8.495, -2.500
8503,   0.086,  8.744, -2.978
8512,  -0.163,  9.242, -3.218
8522,   0.019,  9.290, -3.476
8537,   0.211,  9.136, -3.563
8545,   0.393,  8.897, -3.591
8555,   0.603,  8.734, -3.314
8565,   0.766,  8.638, -2.950
8575,   0.900,  8.495, -2.729
8594,   1.015,  8.255, -2.634
8599,   1.120,  8.045, -2.643
8609,   1.264,  7.824, -2.442
8639,   1.475,  7.776, -2.260
8639,   1.618,  7.910, -2.538
8639,   1.743,  8.466, -3.007
8649,   1.915,  9.270, -3.926
8659,   2.136,  9.960, -4.779
8669,   2.327, 10.238, -5.104
8679,   2.327, 10.094, -5.066
8736,   2.078,  9.634, -4.817
8742,   1.743,  9.270, -4.549
8745,   1.073,  9.031, -3.831
8745,   1.063,  8.973, -3.658
8752,   1.216,  8.964, -3.773
8754,   1.542,  8.916, -4.013
8755,   1.944,  8.945, -4.310
8762,   2.289,  8.868, -4.520
8771,   2.538,  8.610, -4.932
8781,   2.528,  8.255, -5.009
8791,   2.442,  7.930, -4.884
8827,   2.145,  7.690, -4.511
8830,   1.791,  7.594, -4.367
8830,   1.494,  7.441, -4.204
8834,   1.322,  7.154, -4.290
8850,   1.302,  6.809, -4.310
8854,   1.322,  6.455, -3.994
8914,   1.379,  6.158, -3.946
8914,   1.465,  6.033, -3.754
8914,   1.551,  5.957, -3.534
8914,   1.580,  6.043, -3.390
8914,   1.628,  6.187, -3.428
8914,   1.628,  6.369, -3.553
8924,   1.446,  6.436, -3.716
8958,   1.140,  6.311, -3.735
8963,   0.881,  6.129, -3.859
8965,   0.747,  5.966, -4.022
8965,   0.709,  5.861, -4.061
8975,   0.814,  5.832, -3.994
8990,   0.862,  5.708, -3.984
8996,   0.891,  5.545, -3.936
9006,   0.891,  5.334, -3.926
9016,   0.852,  5.229, -3.974
9026,   0.795,  5.114, -3.917
9036,   0.824,  5.114, -4.003
9046,   0.785,  5.277, -3.994
9062,   0.862,  5.689, -3.563
9067,   0.804,  6.110, -2.557
9077,   1.063,  7.029, -2.011
9087,   1.178,  7.345, -1.829
9099,   1.523,  7.336, -1.896
9108,   1.781,  6.991, -2.586
9119,   1.714,  6.895, -2.959
9128,   1.360,  7.154, -3.189
9138,   1.082,  7.614, -3.074
9148,   0.900,  7.853, -2.844
9158,   0.776,  7.805, -2.682
9209,   0.824,  7.269, -2.940
9211,   0.757,  7.068, -2.921
9211,   0.297,  6.359, -3.017
9214,  -0.268,  6.282, -2.739
9214,  -0.661,  6.541, -2.442
9220,  -0.977,  6.953, -2.433
9240,  -0.996,  7.537, -2.605
9243,  -0.843,  7.796, -3.189
9251,  -0.747,  7.853, -3.314
9305,  -0.728,  7.815, -3.946
9308,  -0.555,  7.633, -3.735
9308,  -0.259,  7.355, -3.179
9308,   0.086,  7.288, -2.442
9308,   0.469,  7.240, -2.222
9311,   0.546,  7.460, -2.174
9323,   0.536,  7.221, -2.614
9332,   0.498,  7.278, -2.538
9342,   0.431,  7.479, -2.193
9351,   0.354,  7.575, -1.906
9370,   0.354,  7.834, -2.116
9376,   0.278,  8.083, -2.787
9382,   0.450,  8.466, -3.285
9436,   0.488,  8.868, -3.074
9436,   0.661,  9.127, -2.471
9436,   0.718,  9.347, -1.858
9436,   0.383,  9.357, -1.973
9439,   0.201,  9.146, -2.643
9444,  -0.105,  9.031, -2.614
9453,  -0.431,  8.945, -2.318
9463,  -0.565,  8.686, -2.155
9508,  -0.402,  8.744, -2.691
9514,  -0.115,  8.945, -3.285
9514,   0.086,  9.309, -2.892
9514,   0.182,  9.692, -2.567
9514,   0.115, 10.573, -3.074
9528,   0.259, 11.109, -3.563
9534,   0.297, 11.588, -3.438
9582,   0.316, 11.866, -3.065
9585,   0.086, 12.076, -2.816
9585,  -0.699, 12.086, -2.921
9585,  -1.571, 12.009, -3.103
9585,  -2.404, 11.770, -2.931
9595,  -2.835, 11.521, -2.634
9605,  -2.844, 11.425, -2.691
9615,  -2.433, 11.492, -2.634
9625,  -1.695, 11.732, -2.605
9635,  -1.111, 12.019, -2.404
9645,  -0.862, 12.153, -2.059
9655,  -0.776, 12.220, -1.867
9665,  -0.900, 12.239, -1.599
9675,  -1.101, 12.268, -1.398
9685,  -1.379, 12.220, -1.322
9777,  -1.532, 12.287, -1.408
9777,  -1.532, 12.383, -1.475
9777,  -1.398, 12.469, -1.551
9780,  -1.168, 12.517, -1.484
9780,  -1.015, 12.565, -1.255
9783,  -0.996, 12.574, -0.919
9784,  -1.197, 12.526, -0.651
9786,  -1.523, 12.469, -0.555
9786,  -1.887, 12.354, -0.737
9786,  -2.241, 12.201, -1.006
9796,  -2.528, 12.019, -1.274
9806,  -2.624, 11.779, -1.360
9815,  -2.682, 11.569, -1.360
9828,  -2.720, 11.492, -1.293
9837,  -2.634, 11.569, -1.245
9847,  -2.538, 11.703, -1.226
9857,  -2.413, 11.808, -1.130
9867,  -2.164, 11.914, -0.986
9891,  -1.944, 11.952, -0.871
9893,  -1.753, 11.942, -0.833
9898,  -1.618, 11.942, -0.804
9937,  -1.590, 12.067, -0.690
9937,  -1.705, 12.230, -0.536
9937,  -1.858, 12.459, -0.364
9940,  -1.982, 12.699, -0.259
9949,  -2.069, 12.842, -0.297
9959,  -2.078, 13.044, -0.373
9969,  -2.097, 13.139, -0.441
9983,  -2.030, 13.216, -0.431
10001,  -1.839, 13.369, -0.354
10001,  -1.657, 13.503, -0.182
10010,  -1.513, 13.551, -0.144
10031,  -1.618, 13.465, -0.239
10033,  -1.848, 13.216, -0.421
10040,  -2.088, 12.957, -0.603
10092,  -2.308, 12.708, -0.757
10093,  -2.480, 12.584, -0.776
10095,  -2.490, 12.479, -0.718
10095,  -2.480, 12.306, -0.632
10095,  -2.394, 11.961, -0.555
10101,  -2.279, 11.645, -0.421
10111,  -2.318, 11.387, -0.364
10121,  -2.394, 11.243, -0.469
10133,  -2.461, 11.071, -0.651
10143,  -2.509, 10.965, -0.699
10153,  -2.500, 10.937, -0.699
10167,  -2.385, 10.831, -0.536
10174,  -2.126, 10.602, -0.268
10189,  -1.647, 10.458, -0.144
10195,  -1.188, 10.314, -0.038
10205,  -0.843, 10.266,  0.048
10215,  -0.699, 10.084,  0.077
10236,  -0.709,  9.931, -0.038
10239,  -0.747,  9.883, -0.192
10246,  -0.680,  9.835, -0.469
10256,  -0.555,  9.816, -0.651
10266,  -0.460,  9.826, -0.852
10276,  -0.412,  9.787, -1.044
10288,  -0.373,  9.701, -1.207
10308,  -0.354,  9.567, -1.293
10311,  -0.239,  9.414, -1.226
10318,  -0.010,  9.184, -0.996
10379,  -0.096,  9.222, -0.996
10385,  -0.393,  9.404, -1.216
10387,  -0.670,  9.567, -1.628
10390,  -0.747,  9.625, -1.925
10395,  -0.565,  9.500, -1.963
10395,  -0.201,  9.385, -1.695
10396,   0.163,  9.309, -1.609
10400,   0.297,  9.069, -1.293
10435,   0.335,  8.945, -1.360
10435,   0.153,  8.926, -1.417
10435,  -0.057,  8.964, -1.331
10440,  -0.239,  8.830, -1.149
10451,  -0.402,  8.811, -1.216
10460,  -0.546,  8.772, -1.379
10470,  -0.670,  8.801, -1.686
10483,  -0.747,  8.954, -2.030
10492,  -0.718,  9.165, -2.164
10502,  -0.555,  9.414, -1.982
10515,  -0.345,  9.510, -1.733
10525,  -0.172,  9.510, -1.369
10535,  -0.201,  9.376, -1.226
10581,  -0.603,  9.021, -1.695
10590,  -0.795,  8.878, -1.992
10590,  -0.814,  8.993, -2.394
10594,  -0.690,  9.184, -2.528
10601,  -0.565,  9.433, -2.241
10601,  -0.460,  9.462, -1.839
10610,  -0.565,  9.270, -1.532
10704,  -0.737,  8.983, -1.465
10704,  -1.015,  8.724, -1.647
10704,  -1.188,  8.705, -1.935
10707,  -1.111,  9.002, -2.002
10707,  -0.852,  9.452, -1.791
10707,  -0.354,  9.922, -1.322
10707,   0.067, 10.094, -0.986
10710,   0.201,  9.663, -1.025
10710,   0.057,  9.184, -1.226
10713,  -0.431,  8.906, -1.427
10723,  -1.168,  8.772, -2.069
10761,  -1.992,  9.481, -2.691
10765,  -1.944,  9.481, -2.691
10768,  -1.992, 10.017, -2.768
10768,  -1.733, 10.305, -2.567
10775,  -1.331, 10.180, -1.982
10793,  -0.498,  9.309, -1.638
10800,  -0.057,  8.983, -1.427
10807,   0.393,  9.050, -1.638
10817,   0.986,  9.299, -1.686
10827,   1.446,  9.577, -1.705
10885,   1.877,  9.711, -2.116
10888,   2.251,  9.701, -2.634
10889,   2.356,  9.519, -3.141
10889,   2.136,  9.395, -3.745
10891,   1.599,  9.519, -4.175
10891,   0.948,  9.673, -4.434
10898,   0.450,  9.883, -4.549
10908,   0.287,  9.941, -4.386
10928,   0.670,  9.835, -3.907
10928,   1.398,  9.682, -3.496
10938,   2.059,  9.510, -3.084
10950,   2.500,  9.337, -3.218
10961,   2.557,  9.357, -3.381
10969,   2.030,  9.337, -3.476
10979,   1.379,  9.443, -3.534
10989,   0.958,  9.510, -3.735
10999,   0.642,  9.424, -3.496
11009,   0.508,  9.088, -3.170
11038,   0.460,  8.792, -2.892
11050,   0.594,  8.447, -2.777
11050,   0.891,  8.150, -2.739
11050,   1.293,  7.901, -2.749
11078,   1.733,  7.853, -2.902
11078,   2.184,  8.169, -3.438
11081,   2.710,  8.753, -3.859
11091,   3.208,  9.596, -4.405
11110,   2.806,  9.558, -4.654
11110,   1.753,  9.213, -4.587
11122,   0.613,  8.638, -4.338
12294,  -0.383,  8.102, -4.118
12301,  -1.216,  7.805, -4.080
12301,  -1.647,  7.891, -4.108
12302,  -1.494,  8.112, -4.453
12302,  -0.814,  8.131, -4.645
12302,   0.134,  8.064, -4.434
12302,   1.034,  7.891, -4.243
12302,   1.743,  7.968, -3.850
12302,   2.069,  8.035, -3.505
12322,   2.011,  8.064, -3.419
12322,   1.724,  7.930, -3.687
12323,   1.542,  7.824, -3.974
12323,   1.293,  7.499, -4.089
12323,   0.967,  7.192, -4.175
12323,   0.747,  7.250, -4.319
12323,   0.603,  7.230, -4.290
12323,   0.450,  6.943, -4.128
12323,   0.555,  6.924, -4.051
12326,   0.651,  7.125, -4.032
12330,   0.709,  7.307, -3.926
12330,   0.670,  7.393, -3.984
12330,   0.680,  7.384, -4.233
12330,   0.804,  7.345, -4.415
12330,   1.092,  7.336, -4.386
12330,   1.475,  7.412, -4.520
12330,   1.887,  7.585, -4.482
12330,   2.145,  7.748, -4.386
12330,   2.356,  7.671, -4.300
12339,   2.461,  7.317, -4.147
12339,   2.346,  6.713, -3.773
12339,   2.088,  6.100, -3.601
12344,   1.887,  5.717, -3.486
12344,   1.686,  5.574, -3.400
12344,   1.504,  5.717, -3.160
12344,   1.360,  5.899, -3.103
12344,   1.140,  5.899, -3.074
12344,   0.996,  5.794, -3.160
12344,   0.977,  5.708, -3.256
12344,   1.053,  5.516, -3.381
12347,   1.312,  5.401, -3.218
12347,   1.475,  5.449, -3.141
12350,   1.590,  5.612, -2.931
12350,   1.398,  5.756, -2.978
12350,   1.360,  5.641, -2.998
12350,   1.264,  5.440, -3.247
12350,   1.082,  5.382, -3.658
12350,   0.766,  5.794, -3.266
12353,   0.709,  6.349, -3.103
12353,   0.575,  6.857, -3.122
12353,   0.508,  7.393, -2.931
12353,   0.335,  7.728, -2.729
12353,   0.182,  7.958, -2.720
12353,   0.287,  8.083, -2.672
12356,   0.421,  7.872, -2.825
12356,   0.402,  7.527, -3.007
12362,   0.345,  7.719, -3.045
12362,   0.345,  7.901, -3.706
12362,   0.364,  8.408, -3.467
12362,   0.278,  8.705, -2.998
12362,   0.536,  9.079, -2.452
12363,   0.670,  7.997, -3.419
12363,   0.776,  7.585, -3.658
12363,   0.948,  7.623, -3.620
12370,   0.833,  7.345, -2.873
12376,   0.757,  7.125, -2.480
12376,   0.488,  7.183, -2.212
12376,   0.268,  7.537, -2.327
12376,   0.383,  8.121, -3.103
12376,   0.527,  8.475, -3.275
12376,   0.699,  8.504, -3.285
12377,   0.871,  8.140, -3.227
12377,   0.814,  7.738, -3.103
12384,   0.575,  7.508, -3.132
12384,   0.306,  7.681, -3.428
12384,   0.038,  8.284, -3.179
12384,  -0.259,  8.792, -2.892
12384,  -0.259,  9.213, -2.777
12384,  -0.163,  9.251, -3.074
12384,   0.105,  9.050, -3.994
12384,   0.220,  9.031, -4.233
12384,   0.048,  9.031, -3.898
12384,  -0.201,  9.155, -3.084
12384,  -0.450,  9.299, -2.768
12384,  -0.498,  9.567, -2.758
12385,  -0.488,  9.749, -2.873
12385,  -0.469,  9.749, -2.835
12385,  -0.642,  9.701, -2.538
12385,  -0.795,  9.663, -2.528
12385,  -0.977,  9.740, -2.701
12386,  -0.996, 10.056, -3.160
12386,  -0.967, 10.630, -3.428
12386,  -0.939, 10.822, -3.323
12386,  -0.948, 10.975, -2.959
12386,  -1.053, 11.052, -2.538
12386,  -1.188, 11.023, -2.442
12386,  -1.235, 10.994, -2.394
12386,  -1.207, 11.090, -2.423
12388,  -1.293, 11.214, -2.461
12389,  -1.465, 11.320, -2.385
12389,  -1.705, 11.291, -2.385
12396,  -1.848, 11.176, -2.327
12396,  -1.887, 11.147, -2.260
12397,  -1.781, 11.320, -2.298
12397,  -1.686, 11.617, -2.375
12397,  -1.494, 11.923, -2.528
12397,  -1.437, 12.086, -2.576
12397,  -1.437, 12.076, -2.385
12397,  -1.513, 11.961, -2.049
12400,  -1.532, 11.799, -1.829
12400,  -1.571, 11.741, -1.513
12400,  -1.580, 11.645, -1.398
12400,  -1.542, 11.703, -1.302
12400,  -1.427, 11.722, -1.446
12400,  -1.360, 11.722, -1.532
12400,  -1.302, 11.626, -1.504
12400,  -1.427, 11.320, -1.408
12403,  -1.532, 11.262, -1.341
12406,  -1.561, 11.205, -1.312
12406,  -1.599, 11.234, -1.341
12406,  -1.561, 11.387, -1.379
12406,  -1.561, 11.578, -1.322
12406,  -1.561, 11.799, -1.092
12406,  -1.638, 11.837, -0.814
12406,  -1.781, 11.674, -0.622
12406,  -1.954, 11.588, -0.498
12406,  -2.097, 11.588, -0.584
12419,  -2.193, 11.789, -0.776
12458,  -2.270, 12.028, -0.948
12458,  -2.279, 12.220, -1.120
12458,  -2.203, 12.479, -1.245
12460,  -2.136, 12.775, -1.274
12460,  -2.145, 13.072, -1.235
12470,  -2.231, 13.293, -1.120
12482,  -2.289, 13.398, -0.929
12505,  -2.356, 13.446, -0.776
12505,  -2.480, 13.475, -0.680
12511,  -2.557, 13.436, -0.776
12524,  -2.509, 13.408, -0.824
12534,  -2.337, 13.264, -0.833
12544,  -2.136, 13.101, -0.958
12569,  -1.944, 12.929, -0.967
12572,  -1.800, 12.737, -0.757
12575,  -1.762, 12.469, -0.469
12585,  -1.820, 12.134, -0.297
12595,  -1.906, 11.885, -0.268
12606,  -2.002, 11.693, -0.498
12616,  -2.097, 11.502, -0.766
12629,  -2.251, 11.521, -1.006
12638,  -2.394, 11.540, -1.245
12648,  -2.490, 11.521, -1.312
12735,  -2.500, 11.339, -1.255
12735,  -2.461, 11.147, -1.120
12735,  -2.404, 10.927, -0.967
12735,  -2.193, 10.783, -0.737
12735,  -1.877, 10.573, -0.354
12738,  -1.484, 10.324, -0.105
12738,  -1.082,  9.989,  0.067
12738,  -0.460,  9.481, -0.316
12741,  -0.316,  9.558, -0.402
12751,  -0.460,  9.548, -0.488
12761,  -0.728,  9.538, -0.479
12771,  -0.939,  9.510, -0.421
12784,  -1.111,  9.481, -0.431
12794,  -1.101,  9.519, -0.517
12804,  -0.871,  9.471, -0.546
12814,  -0.594,  9.318, -0.632
12824,  -0.326,  9.155, -0.737
12834,  -0.172,  8.993, -0.804
12844,  -0.201,  8.954, -0.881
12854,  -0.364,  8.973, -0.996
12869,  -0.910,  9.088, -1.245
12880,  -1.178,  9.155, -1.274
12890,  -1.350,  9.194, -1.293
12900,  -1.360,  9.242, -1.360
12910,  -1.168,  9.318, -1.417
12920,  -0.785,  9.318, -1.484
12942,  -0.383,  9.337, -1.408
12942,  -0.172,  9.318, -1.216
12951,  -0.086,  9.299, -1.053
12975,  -0.086,  9.357, -1.053
12976,  -0.326,  9.366, -1.207
12984,  -0.709,  9.309, -1.523
13016,  -1.168,  9.146, -1.800
13016,  -1.542,  9.127, -1.963
13018,  -1.733,  9.088, -1.877
13024,  -1.628,  9.108, -1.695
13034,  -1.302,  9.165, -1.341
13044,  -0.986,  9.261, -1.120
13056,  -0.737,  9.404, -1.006
13065,  -0.546,  9.471, -0.929
13075,  -0.306,  9.538, -1.293
13085,  -0.153,  9.548, -1.504
13111,  -0.019,  9.500, -1.609
13112,   0.010,  9.452, -1.551
13116,  -0.220,  9.548, -1.551
13126,  -0.527,  9.692, -1.733
13138,  -0.881,  9.797, -2.011
13151,  -1.159,  9.596, -1.877
13169,  -1.092,  9.452, -1.599
13172,  -0.939,  9.347, -1.523
13179,  -0.891,  9.385, -1.609
13196,  -0.967,  9.586, -1.973
13202,  -1.082,  9.845, -2.375
13212,  -1.331, 10.008, -2.528
13222,  -1.561, 10.036, -2.528
13234,  -1.724,  9.816, -2.452
13243,  -1.666,  9.385, -2.365
13253,  -1.628,  9.060, -2.433
13263,  -1.599,  8.926, -2.605
13286,  -1.465,  9.021, -2.950
13286,  -1.101,  9.213, -3.409
13294,  -0.575,  9.318, -3.294
13348,  -0.192,  9.462, -1.982
13348,  -0.192,  9.462, -1.982
13350,  -0.508,  9.433, -1.331
13350,  -1.398,  9.222, -1.427
13351,  -1.571,  9.242, -2.136
13359,  -1.389,  9.184, -2.614
13366,  -0.651,  9.184, -2.777
13389,   0.373,  9.194, -2.758
13389,   1.465,  9.337, -2.480
13396,   2.107,  9.318, -2.203
13408,   2.222,  9.222, -2.116
13419,   1.714,  9.069, -2.298
13460,   0.891,  8.983, -2.883
13463,   0.153,  9.031, -3.294
13463,  -0.326,  9.222, -3.984
13463,  -0.412,  9.510, -4.482
13470,  -0.010,  9.768, -4.990
13506,   0.728,  9.922, -5.037
13509,   1.341,  9.855, -4.846
13509,   1.772,  9.673, -4.597
13509,   1.867,  9.500, -4.185
13521,   1.791,  9.328, -3.630
13549,   1.628,  9.270, -3.371
13556,   1.484,  9.251, -3.534
13556,   1.446,  9.462, -3.850
13564,   1.504, 10.190, -4.788
13574,   1.638, 10.372, -5.018
13584,   1.982, 10.151, -4.999
13607,   2.327,  9.902, -4.942
13615,   2.509,  9.759, -4.683
13623,   2.394,  9.653, -4.041
13626,   2.030,  9.366, -3.563
13650,   1.705,  9.031, -3.496
13653,   1.523,  8.581, -3.438
13655,   1.484,  8.131, -3.515
13665,   1.465,  7.834, -3.965
13679,   1.456,  7.681, -4.415
13686,   1.159,  7.977, -4.693
13696,   0.565,  8.475, -4.635
13718,   0.144,  8.638, -4.903
13721,   0.192,  8.179, -5.191
13727,   0.546,  7.642, -5.468
13737,   0.766,  7.096, -5.171
13747,   0.814,  6.598, -4.597
13757,   0.757,  6.225, -4.032
13767,   0.642,  6.033, -3.505
13785,   0.469,  5.899, -3.610
13788,   0.479,  5.832, -4.041
13798,   0.852,  5.986, -4.932
13924,   1.274,  6.474, -5.363
13924,   1.111,  6.914, -5.133
13924,   0.479,  7.029, -4.626
13927,  -0.412,  6.934, -4.290
13930,  -0.431,  6.924, -4.683
13931,  -0.517,  6.867, -5.037
13931,  -0.555,  6.895, -5.334
13931,  -0.622,  6.713, -5.602
13931,  -0.412,  6.685, -6.014
13931,  -0.201,  6.847, -5.851
13933,  -0.316,  6.953, -5.219
13933,  -0.632,  7.163, -5.258
13941,  -1.207,  7.355, -5.286
13951,  -1.638,  7.614, -5.545
13961,  -1.609,  7.757, -6.302
13971,  -0.996,  7.451, -6.876
14005,   0.019,  6.924, -7.106
14005,   1.140,  6.665, -6.560
14005,   1.973,  6.531, -5.200
14012,   2.547,  6.694, -4.463
14022,   3.026,  7.125, -4.587
14033,   3.361,  7.863, -5.277
14042,   3.438,  8.705, -5.756
14052,   3.151,  9.194, -5.909
14068,   2.825,  9.270, -5.871
14125,   2.365,  9.002, -5.363
14130,   2.184,  8.590, -5.986
14133,   2.480,  8.543, -6.627
14133,   2.921,  8.734, -6.771
14135,   3.266,  8.868, -6.675
14136,   3.409,  8.945, -6.340
14140,   3.563,  8.945, -6.215
14158,   3.668,  8.801, -6.167
14160,   3.687,  8.485, -5.966
14170,   3.687,  8.112, -5.679
14181,   3.773,  7.738, -5.353
14191,   3.869,  7.451, -5.210
14205,   4.003,  7.374, -5.306
14214,   4.147,  7.451, -5.526
14221,   4.319,  7.661, -5.832
14231,   4.530,  7.920, -6.244
14242,   4.635,  8.073, -6.541
14252,   4.616,  8.169, -6.752
14262,   4.195,  8.092, -6.713
14272,   3.792,  8.006, -6.704
14282,   3.323,  7.796, -6.551
14292,   2.816,  7.460, -6.388
14313,   2.365,  6.981, -6.254
14323,   2.002,  6.483, -6.302
14324,   1.686,  6.014, -6.263
14333,   1.427,  5.507, -6.196
14343,   1.350,  5.076, -5.737
14353,   1.341,  4.616, -5.124
14364,   1.226,  4.204, -4.654
14374,   1.178,  3.898, -3.917
14383,   1.082,  3.725, -3.160
14393,   1.082,  3.658, -2.356
14412,   1.197,  3.610, -1.992
14416,   1.360,  3.563, -1.686
14424,   1.561,  3.601, -1.350
14434,   1.963,  3.601, -1.235
14475,   2.931,  3.496, -1.887
14479,   3.572,  3.582, -2.749
14479,   4.099,  3.974, -3.802
14481,   4.539,  4.597, -4.712
14487,   4.731,  5.047, -4.817
14506,   4.559,  5.325, -3.783
14510,   4.003,  5.526, -2.375
14518,   3.045,  5.545, -1.283
14657,   2.049,  5.459, -0.766
14657,   1.178,  5.344, -0.565
14657,   0.498,  5.306, -0.642
14657,  -0.038,  5.411, -0.852
14657,  -0.441,  5.784, -1.197
14657,  -0.977,  6.397, -1.245
14657,  -1.274,  7.183, -0.690
14657,  -1.073,  8.610, -0.201
14657,  -0.575, 10.113,  0.431
14657,  -0.297, 10.965,  1.504
14657,  -0.421, 10.697,  2.126
14657,  -0.613,  9.481,  1.887
14667,  -0.441,  8.303,  1.398
14669,  -0.326,  7.374, -0.297
14670,  -0.450,  7.020, -1.379
14681,  -0.575,  6.665, -1.618
14697,  -0.737,  5.861, -1.848
14827,  -0.546,  5.181, -2.251
14827,  -0.383,  4.616, -2.404
14827,  -0.249,  3.926, -1.724
14827,  -0.354,  3.630, -0.891
14827,  -0.383,  3.543, -1.293
14827,  -0.287,  3.668, -1.686
14830,  -0.316,  4.290, -2.346
14834,  -0.555,  5.813, -3.984
14834,  -1.120,  6.608, -6.656
14837,  -1.580,  7.068, -7.614
14837,  -1.705,  7.326, -6.924
14837,  -0.555,  6.196, -9.127
14837,  -0.134,  5.459, -8.744
14840,  -0.048,  4.922, -6.062
14849,  -0.086,  4.357, -3.247
14854,  -0.287,  3.946,  0.814
14998,  -0.441,  4.530,  1.159
14998,  -0.546,  6.043,  0.977
14999,   0.996, 10.898, -3.591
14999,   8.303, 15.218,-11.559
14999,  13.925, 17.382,-15.543
14999,  12.948, 18.464,  2.002
14999,   2.614, 19.000,  7.432
14999,  -3.189, 19.269,  5.583
15001,  -5.382, 19.403,  4.846
15001,  -6.062, 17.564,  4.616
15001,  -6.330, 12.823,  4.262
15001,  -7.135,  7.815,  3.543
15001,  -7.863,  5.727,  0.670
15001,  -6.378,  8.073, -1.657
15019,  -5.248, 11.751, -5.047
15027,  -2.184, 15.179, -6.292
15040,   0.718, 15.974, -5.765
15103,   2.672, 14.767, -4.128
15103,   3.821, 12.919, -3.381
15103,   4.357, 11.444, -2.921
15103,   4.185,  9.826, -2.136
15103,   3.591,  7.977, -0.929
15103,   2.835,  6.005,  0.287
15111,   2.021,  4.003,  1.216
15127,   0.680,  0.747,  1.389
15131,   0.249, -0.029,  1.092
15141,   0.010, -0.326,  0.747
15295,  -0.115, -0.402,  0.402
15295,  -0.211, -0.412,  0.134
15295,  -0.259, -0.393, -0.096
15295,  -0.268, -0.278, -0.278
15295,  -0.259, -0.153, -0.431
15296,  -0.249,  0.029, -0.575
15296,  -0.354,  0.565, -1.848
15296,  -1.465,  4.453, -4.779
15296,  -3.256, 12.000, -7.930
15296,  -4.606, 15.773, -9.376
15296,  -3.926, 17.660, -7.891
15296,  -1.341, 18.598, -3.936
15296,   0.134, 19.067, -0.335
15296,   0.833, 16.846,  1.686
15296,   1.092, 13.484,  2.452
15305,   0.939, 10.448,  2.480
15315,   0.728,  8.025,  1.963
15325,   0.546,  6.148,  1.283
15477,   0.345,  4.712,  0.699
15477,   0.153,  3.898,  0.192
15477,  -0.115,  3.926, -0.201
15478,  -0.192,  4.798, -0.316
15478,  -0.096,  5.966, -0.278
15478,   0.067,  7.163, -0.220
15478,   0.268,  8.198, -0.287
15478,   0.584,  9.079, -0.795
15478,   0.891, 10.046, -1.772
15478,   0.852, 10.831, -3.084
15478,   0.584, 11.080, -4.108
15478,   0.412, 10.985, -4.032
15478,   0.316, 10.755, -2.950
15478,   0.383, 10.640, -1.743
15480,   0.498, 10.563,  0.153
15492,   0.441, 10.477,  0.757
15500,   0.460, 10.209,  1.053
15513,   0.508,  9.845,  0.996
15665,   0.622,  9.462,  0.757
15666,   0.871,  9.251,  0.239
15666,   1.101,  9.395, -0.594
15666,   1.245,  9.749, -1.580
15666,   1.216, 10.123, -2.356
15666,   0.948, 10.247, -2.643
15666,   0.632, 10.113, -2.442
15666,   0.393,  9.941, -1.944
15666,   0.249,  9.682, -1.350
15666,   0.249,  9.443, -0.929
15666,   0.354,  9.328, -0.546
15666,   0.575,  9.337, -0.412
15666,   0.824,  9.433, -0.460
15666,   0.958,  9.519, -0.594
15666,   1.006,  9.558, -0.680
15676,   0.977,  9.740, -0.766
15686,   0.986,  9.912, -0.795
15853,   0.977, 10.036, -0.891
15853,   0.919, 10.046, -0.862
15853,   0.776, 10.017, -0.910
15853,   0.469,  9.759, -1.274
15853,   0.373,  9.644, -1.379
15853,   0.306,  9.606, -1.446
15853,   0.239,  9.586, -1.427
15853,   0.124,  9.586, -1.369
15853,  -0.010,  9.548, -1.322
15853,  -0.048,  9.577, -1.350
15854,   0.067,  9.625, -1.523
15854,   0.201,  9.606, -1.609
15854,   0.431,  9.625, -1.571
15854,   0.661,  9.692, -1.456
15854,   0.824,  9.730, -1.417
15854,   0.996,  9.768, -1.312
15869,   1.149,  9.807, -1.255
15872,   1.255,  9.864, -1.120
15879,   1.255,  9.893, -0.996
16038,   1.188,  9.855, -0.977
16038,   1.044,  9.768, -0.996
16038,   0.871,  9.663, -1.073
16038,   0.642,  9.538, -1.168
16038,   0.460,  9.462, -1.293
16038,   0.278,  9.529, -1.341
16038,   0.182,  9.596, -1.379
16038,   0.124,  9.644, -1.417
16040,   0.096,  9.711, -1.427
16041,   0.134,  9.749, -1.446
16041,   0.278,  9.740, -1.408
16041,   0.441,  9.768, -1.350
16041,   0.565,  9.720, -1.188
16041,   0.642,  9.701, -1.063
16041,   0.737,  9.692, -0.977
16041,   0.795,  9.730, -0.910
16050,   0.795,  9.740, -0.862
16060,   0.757,  9.768, -0.891
16070,   0.642,  9.768, -1.025
16081,   0.498,  9.768, -1.207
16227,   0.326,  9.816, -1.322
16228,   0.192,  9.826, -1.389
16228,   0.057,  9.807, -1.389
16228,  -0.038,  9.826, -1.389
16228,  -0.153,  9.749, -1.341
16228,  -0.163,  9.663, -1.341
16228,  -0.182,  9.644, -1.293
16228,  -0.153,  9.625, -1.283
16228,  -0.048,  9.596, -1.226
16228,   0.115,  9.644, -1.207
16228,   0.287,  9.692, -1.188
16228,   0.469,  9.768, -1.274
16228,   0.661,  9.816, -1.350
16228,   0.881,  9.864, -1.350
16232,   1.025,  9.874, -1.341
16242,   1.149,  9.807, -1.188
16252,   1.255,  9.720, -1.159
16261,   1.322,  9.730, -1.082
16413,   1.302,  9.730, -1.111
16413,   1.188,  9.711, -1.226
16413,   1.111,  9.673, -1.369
16413,   1.025,  9.692, -1.456
16413,   0.919,  9.730, -1.484
16413,   0.785,  9.740, -1.484
16413,   0.632,  9.797, -1.456
16413,   0.479,  9.759, -1.398
16413,   0.393,  9.730, -1.360
16413,   0.306,  9.673, -1.360
16416,   0.259,  9.625, -1.427
16416,   0.316,  9.625, -1.494
16416,   0.383,  9.644, -1.513
16416,   0.402,  9.653, -1.379
16416,   0.460,  9.663, -1.235
16438,   0.479,  9.768, -1.149
16438,   0.498,  9.835, -1.082
16445,   0.555,  9.835, -1.111
16602,   0.594,  9.778, -1.216
16602,   0.603,  9.711, -1.216
16602,   0.527,  9.730, -1.178
16602,   0.412,  9.711, -1.120
16602,   0.259,  9.730, -1.120
16602,   0.201,  9.720, -1.130
16602,   0.230,  9.730, -1.245
16602,   0.297,  9.740, -1.456
16603,   0.421,  9.768, -1.532
16603,   0.527,  9.768, -1.475
16603,   0.555,  9.768, -1.398
16603,   0.594,  9.720, -1.207
16603,   0.632,  9.682, -1.207
16603,   0.670,  9.673, -1.235
16606,   0.680,  9.673, -1.245
16610,   0.737,  9.682, -1.283
16620,   0.804,  9.692, -1.302
16631,   0.804,  9.692, -1.274
16641,   0.795,  9.701, -1.331
16789,   0.776,  9.749, -1.322
16789,   0.757,  9.749, -1.379
16790,   0.728,  9.740, -1.360
16790,   0.670,  9.740, -1.255
16790,   0.632,  9.749, -1.168
16790,   0.594,  9.768, -1.216
16790,   0.565,  9.816, -1.312
16790,   0.584,  9.768, -1.369
16790,   0.546,  9.730, -1.379
16790,   0.527,  9.740, -1.331
16790,   0.508,  9.749, -1.283
16790,   0.488,  9.759, -1.207
16790,   0.508,  9.740, -1.197
16790,   0.460,  9.730, -1.168
16799,   0.488,  9.749, -1.245
16808,   0.479,  9.740, -1.360
16826,   0.508,  9.749, -1.264
16976,   0.536,  9.730, -1.159
16976,   0.536,  9.720, -1.053
16976,   0.546,  9.730, -1.034
16976,   0.565,  9.701, -1.092
16976,   0.622,  9.730, -1.149
16976,   0.661,  9.730, -1.226
16976,   0.632,  9.749, -1.226
16977,   0.594,  9.768, -1.245
16977,   0.565,  9.730, -1.178
16977,   0.517,  9.711, -1.140
16977,   0.517,  9.653, -1.178
16977,   0.536,  9.673, -1.188
16977,   0.517,  9.701, -1.159
16977,   0.469,  9.740, -1.178
16977,   0.431,  9.778, -1.159
17163,   0.373,  9.759, -1.216
17163,   0.412,  9.778, -1.197
17163,   0.488,  9.759, -1.197
17163,   0.517,  9.740, -1.197
17163,   0.603,  9.730, -1.216
17163,   0.594,  9.730, -1.188
17163,   0.613,  9.730, -1.140
17163,   0.584,  9.740, -1.034
17164,   0.575,  9.720, -1.053
17164,   0.565,  9.768, -1.053
17164,   0.565,  9.778, -1.140
17164,   0.527,  9.749, -1.149
17164,   0.479,  9.740, -1.226
17164,   0.460,  9.711, -1.293
17164,   0.441,  9.720, -1.293
17166,   0.469,  9.720, -1.283
17166,   0.479,  9.730, -1.168
17166,   0.498,  9.740, -1.159
17169,   0.508,  9.730, -1.140
17179,   0.479,  9.701, -1.159
17189,   0.488,  9.701, -1.111
17199,   0.527,  9.749, -1.101
17349,   0.594,  9.816, -1.168
17349,   0.613,  9.816, -1.149
17349,   0.546,  9.759, -1.111
17349,   0.546,  9.759, -1.111
17349,   0.555,  9.740, -1.159
17350,   0.508,  9.730, -1.207
17350,   0.527,  9.711, -1.216
17350,   0.527,  9.701, -1.255
17350,   0.594,  9.730, -1.235
17350,   0.651,  9.720, -1.197
17352,   0.747,  9.787, -1.264
17352,   0.833,  9.816, -1.302
17352,   0.958,  9.835, -1.369
17352,   1.015,  9.883, -1.322
17357,   1.025,  9.960, -1.312
17367,   0.958,  9.979, -1.274
17376,   0.766,  9.969, -1.216
17386,   0.603, 10.008, -1.207
17537,   0.373,  9.941, -1.207
17537,   0.182,  9.816, -1.111
17537,   0.105,  9.673, -1.159
17537,   0.019,  9.548, -1.111
17537,  -0.038,  9.424, -1.034
17537,  -0.038,  9.347, -0.948
17537,   0.019,  9.366, -0.891
17537,   0.201,  9.462, -0.929
17537,   0.402,  9.634, -0.967
17539,   0.642,  9.701, -1.006
17540,   0.785,  9.749, -1.015
17540,   0.919,  9.749, -1.082
17540,   0.996,  9.730, -1.101
17540,   1.111,  9.730, -1.178
17540,   1.207,  9.730, -1.255
17552,   1.235,  9.797, -1.302
17561,   1.149,  9.893, -1.379
17570,   1.006,  9.960, -1.369
17580,   0.757,  9.969, -1.312
17725,   0.594,  9.922, -1.235
17725,   0.412,  9.778, -1.101
17725,   0.230,  9.644, -1.082
17725,   0.211,  9.634, -1.101
17725,   0.201,  9.644, -1.082
17725,   0.182,  9.615, -1.044
17725,   0.163,  9.606, -1.025
17725,   0.163,  9.625, -0.996
17725,   0.192,  9.577, -1.044
17727,   0.268,  9.577, -1.120
17727,   0.469,  9.586, -1.235
17727,   0.718,  9.663, -1.369
17727,   0.958,  9.759, -1.417
17730,   1.168,  9.826, -1.312
17740,   1.274,  9.912, -1.207
17752,   1.369,  9.922, -1.063
17761,   1.264,  9.883, -1.063
17915,   1.053,  9.855, -1.159
17915,   0.824,  9.874, -1.264
17915,   0.555,  9.864, -1.331
17915,   0.306,  9.797, -1.274
17915,   0.144,  9.720, -1.264
17915,   0.048,  9.625, -1.235
17915,   0.038,  9.548, -1.197
17915,   0.077,  9.510, -1.159
17915,   0.172,  9.500, -1.207
17915,   0.345,  9.548, -1.226
17915,   0.498,  9.577, -1.140
17915,   0.670,  9.663, -1.082
17915,   0.871,  9.740, -0.996
17916,   1.063,  9.816, -0.967
17916,   1.207,  9.874, -0.967
17929,   1.322,  9.893, -1.101
17939,   1.293,  9.979, -1.149
17949,   1.293, 10.008, -1.140
17959,   1.082,  9.969, -1.274
17970,   0.843,  9.826, -1.302
17980,   0.555,  9.673, -1.283
17990,   0.230,  9.567, -1.274
17999,  -0.010,  9.424, -1.283
18011,  -0.086,  9.357, -1.331
18020,  -0.048,  9.443, -1.408
18031,   0.201,  9.577, -1.417
18041,   0.488,  9.720, -1.389
18051,   0.785,  9.874, -1.264
18061,   1.044,  9.931, -1.053
18071,   1.216,  9.864, -0.871
18081,   1.283,  9.749, -0.804
18090,   1.302,  9.653, -0.843
18100,   1.264,  9.586, -0.929
18113,   1.197,  9.481, -1.178
18130,   1.120,  9.376, -1.417
18134,   1.092,  9.433, -1.523
18144,   1.025,  9.519, -1.494
18154,   1.044,  9.682, -1.523
18222,   1.025,  9.835, -1.494
18223,   1.053,  9.969, -1.504
18223,   1.053, 10.036, -1.513
18223,   0.996, 10.075, -1.542
18223,   0.670,  9.883, -1.408
18231,   0.211,  9.606, -1.245
18238,   0.067,  9.500, -1.207
18248,   0.000,  9.462, -1.312
18258,   0.029,  9.500, -1.408
18268,   0.192,  9.663, -1.484
18278,   0.450,  9.845, -1.494
18288,   0.766,  9.979, -1.513
18297,   1.006, 10.094, -1.331
18319,   1.197, 10.046, -1.168
18322,   1.245, 10.017, -0.986
18329,   1.073,  9.874, -0.900
18340,   0.891,  9.701, -0.939
18350,   0.690,  9.548, -1.034
18369,   0.536,  9.443, -1.168
18372,   0.402,  9.414, -1.312
18382,   0.364,  9.452, -1.417
18394,   0.373,  9.538, -1.417
18403,   0.412,  9.596, -1.379
18413,   0.479,  9.644, -1.379
18423,   0.517,  9.644, -1.379
18436,   0.555,  9.663, -1.379
18459,   0.603,  9.586, -1.302
18461,   0.651,  9.615, -1.379
18469,   0.766,  9.663, -1.494
18477,   1.025,  9.768, -1.657
18489,   1.101,  9.855, -1.666
18497,   1.149,  9.941, -1.666
18507,   1.111, 10.104, -1.666
18516,   1.053, 10.199, -1.618
18531,   0.929, 10.218, -1.638
18543,   0.757, 10.123, -1.781
18550,   0.603,  9.960, -1.829
18559,   0.431,  9.797, -1.829
18574,   0.230,  9.634, -1.858
18581,   0.096,  9.491, -1.944
18591,   0.019,  9.424, -2.145
18600,  -0.010,  9.414, -2.461
18610,   0.038,  9.424, -2.835
18623,   0.192,  9.548, -3.160
18633,   0.517,  9.634, -3.266
18643,   0.852,  9.615, -3.179
18653,   1.149,  9.596, -2.854
18669,   1.523,  9.318, -2.308
18673,   1.551,  9.165, -2.021
18683,   1.513,  9.012, -1.733
18693,   1.494,  8.906, -1.542
18703,   1.389,  8.849, -1.532
18713,   1.283,  8.830, -1.523
18724,   1.312,  8.859, -1.513
18739,   1.408,  9.041, -1.427
18744,   1.561,  9.261, -1.302
18754,   1.666,  9.471, -1.140
18764,   1.666,  9.615, -0.900
18788,   1.618,  9.577, -0.622
18791,   1.350,  9.471, -0.383
18795,   1.025,  9.366, -0.297
18805,   0.661,  9.213, -0.316
18815,   0.306,  9.127, -0.421
18828,   0.000,  9.060, -0.613
18836,  -0.326,  9.021, -0.824
18891,  -0.594,  8.983, -1.025
18891,  -0.967,  8.935, -1.226
18891,  -1.322,  8.973, -1.446
18891,  -1.551,  9.108, -1.599
18891,  -1.810,  9.280, -1.638
18896,  -2.011,  9.366, -1.714
18906,  -2.097,  9.500, -1.733
18916,  -2.088,  9.606, -1.724
18926,  -1.973,  9.759, -1.551
18936,  -1.848,  9.826, -1.283
18948,  -1.657,  9.864, -1.015
18961,  -1.504,  9.835, -0.737
18969,  -1.341,  9.826, -0.594
18978,  -1.226,  9.864, -0.546
18988,  -1.111,  9.883, -0.613
18998,  -1.053,  9.864, -0.747
19008,  -0.919,  9.902, -0.766
19018,  -0.795,  9.912, -0.661
19055,  -0.680,  9.941, -0.584
19058,  -0.594,  9.960, -0.546
19058,  -0.393,  9.998, -0.469
19061,  -0.326,  9.950, -0.364
19069,  -0.144,  9.874, -0.220
19079,  -0.019,  9.692,  0.019
19089,   0.182,  9.500,  0.259
19099,   0.632,  9.299,  0.690
19112,   0.737,  9.280,  0.785
19122,   0.776,  9.337,  0.824
19132,   0.785,  9.462,  0.795
19142,   0.871,  9.692,  0.728
19155,   0.910,  9.960,  0.584
19162,   0.776, 10.391,  0.421
19176,   0.603, 10.965,  0.086
19183,   0.019, 11.550, -0.632
19229,  -0.651, 12.009, -1.504
19229,  -1.140, 12.057, -2.251
19233,  -1.274, 11.760, -2.634
19233,  -0.939, 11.329, -2.576
19236,  -0.326, 11.013, -1.992
19244,   0.316, 10.716, -1.140
19255,   0.766, 10.410, -0.220
19265,   1.101, 10.036,  0.565
19275,   1.255,  9.567,  0.919
19285,   1.322,  9.050,  1.073
19295,   1.264,  8.657,  0.996
19305,   1.226,  8.533,  0.919
19315,   1.245,  8.772,  0.910
19327,   1.245,  9.213,  0.881
19336,   1.264,  9.768,  0.852
19346,   1.245, 10.285,  0.680
19358,   1.120, 10.688,  0.565
19368,   0.709, 10.783,  0.220
19398,   0.709, 10.783,  0.220
19418,   0.335, 10.056,  0.086
19418,   0.192,  9.606,  0.096
19418,   0.067,  9.155,  0.192
19418,   0.019,  8.906,  0.364
19428,  -0.048,  9.050,  0.565
19440,  -0.010,  9.663,  0.776
19450,   0.048, 10.467,  1.044
19460,   0.086, 11.234,  1.283
19470,   0.172, 11.703,  1.456
19480,   0.249, 11.665,  1.456
19490,   0.354, 11.100,  1.350
19502,   0.450, 10.285,  1.235
19512,   0.469,  9.491,  1.034
19522,   0.517,  8.926,  0.881
19532,   0.642,  8.657,  0.814
19541,   0.843,  8.657,  0.795
19551,   1.015,  8.945,  0.785
19564,   1.207,  9.357,  0.709
19573,   1.398,  9.749,  0.651
19585,   1.513,  9.950,  0.575
19593,   1.618, 10.017,  0.450
19603,   1.753,  9.931,  0.010
19613,   2.002,  9.826, -0.508
19623,   2.145,  9.682, -0.670
19635,   2.145,  9.606, -0.709
19645,   2.069,  9.673, -0.795
19654,   1.992,  9.807, -0.948
19665,   1.906, 10.008, -1.034
19675,   1.753, 10.238, -0.958
19685,   1.532, 10.333, -0.709
19695,   1.178, 10.190,  0.096
19705,   0.996,  9.950,  0.373
19715,   0.833,  9.787,  0.642
19725,   0.622,  9.596,  0.776
19734,   0.431,  9.491,  0.891
19744,   0.239,  9.510,  0.919
19758,   0.144,  9.586,  0.929
19767,   0.010,  9.673,  0.900
19777,  -0.124,  9.797,  0.795
19787,  -0.297,  9.950,  0.747
19804,  -0.402, 10.046,  0.603
19807,  -0.450, 10.132,  0.460
19817,  -0.517, 10.113,  0.412
19827,  -0.594,  9.941,  0.393
19837,  -0.728,  9.711,  0.421
19846,  -0.804,  9.471,  0.479
19858,  -0.881,  9.309,  0.555
19868,  -0.862,  9.290,  0.680
19878,  -0.728,  9.299,  0.910
19888,  -0.565,  9.280,  1.101
19898,  -0.383,  9.309,  1.312
19907,  -0.182,  9.452,  1.456
19920,   0.038,  9.586,  1.504
19929,   0.287,  9.740,  1.513
19943,   0.508,  9.902,  1.561
19950,   0.718, 10.056,  1.475
19964,   0.986, 10.123,  1.408
19973,   1.216, 10.065,  1.322
19980,   1.484,  9.998,  1.120
19990,   1.705,  9.835,  0.919
20000,   1.858,  9.711,  0.661
