0, -0.038307227, 0.17238252, 9.394848
20, -0.038307227, 0.19153613, 9.375694
40, 0.019153614, 0.18195933, 9.423578
60, 0.009576807, 0.19153613, 9.461885
80, -0.02873042, 0.19153613, 9.414001
100, -0.02873042, 0.17238252, 9.404425
120, -0.038307227, 0.15322891, 9.423578
140, -0.009576807, 0.17238252, 9.3661175
160, 0.038307227, 0.17238252, 9.404425
180, 0.038307227, 0.17238252, 9.404425
200, -0.009576807, 0.12449849, 9.394848
220, 0.009576807, 0.16280572, 9.394848
240, -0.019153614, 0.15322891, 9.423578
260, 0.009576807, 0.10534488, 9.471462
280, 0.02873042, 0.12449849, 9.423578
300, 0.019153614, 0.17238252, 9.375694
320, -0.05746084, 0.17238252, 9.356541
340, 0.0, 0.19153613, 9.414001
360, 0.0, 0.19153613, 9.414001
380, 0.019153614, 0.17238252, 9.414001
400, 0.08619126, 0.17238252, 9.500193
420, 0.009576807, 0.1436521, 9.385271
440, 0.05746084, 0.16280572, 9.394848
460, 0.02873042, 0.12449849, 9.414001
480, 0.019153614, 0.16280572, 9.414001
500, -0.009576807, 0.18195933, 9.423578
520, 0.0, 0.15322891, 9.452309
540, 0.0, 0.16280572, 9.414001
560, 0.02873042, 0.16280572, 9.404425
580, 0.02873042, 0.15322891, 9.442732
600, -0.009576807, 0.15322891, 9.452309
620, 0.009576807, 0.17238252, 9.375694
640, -0.009576807, 0.15322891, 9.442732
660, 0.02873042, 0.15322891, 9.452309
680, 0.038307227, 0.21068975, 9.394848
700, 0.009576807, 0.18195933, 9.423578
720, -0.009576807, 0.17238252, 9.461885
740, 0.038307227, 0.16280572, 9.490616
760, 0.08619126, 0.19153613, 9.519346
780, 0.06703765, 0.16280572, 9.5385
800, -0.02873042, 0.1340753, 9.452309
820, -0.009576807, 0.18195933, 9.414001
840, 0.038307227, 0.18195933, 9.404425
860, 0.019153614, 0.16280572, 9.394848
880, 0.0, 0.19153613, 9.442732
900, 0.019153614, 0.15322891, 9.423578
920, 0.047884032, 0.16280572, 9.414001
940, 0.019153614, 0.20111294, 9.442732
960, 0.02873042, 0.17238252, 9.442732
980, 0.038307227, 0.15322891, 9.414001
1000, 0.047884032, 0.18195933, 9.394848
1020, 0.009576807, 0.20111294, 9.423578
1040, 0.047884032, 0.20111294, 9.423578
1060, -0.019153614, 0.16280572, 9.433155
1080, -0.038307227, 0.19153613, 9.461885
1100, -0.038307227, 0.17238252, 9.433155
1120, 0.0, 0.1436521, 9.433155
1140, 0.019153614, 0.20111294, 9.404425
1160, 0.019153614, 0.15322891, 9.442732
1180, 0.0, 0.17238252, 9.385271
1200, 0.038307227, 0.19153613, 9.461885
1220, 0.0, 0.16280572, 9.394848
1240, 0.02873042, 0.18195933, 9.414001
1260, -0.009576807, 0.17238252, 9.423578
1280, 0.019153614, 0.22026655, 9.433155
1300, 0.009576807, 0.15322891, 9.375694
1320, 0.009576807, 0.18195933, 9.385271
1340, 0.009576807, 0.17238252, 9.423578
1360, 0.047884032, 0.17238252, 9.423578
1380, 0.019153614, 0.16280572, 9.433155
1400, 0.038307227, 0.17238252, 9.414001
1420, 0.047884032, 0.1436521, 9.385271
1440, 0.019153614, 0.18195933, 9.404425
1460, 0.038307227, 0.19153613, 9.414001
1480, 0.0, 0.1436521, 9.461885
1500, 0.019153614, 0.1340753, 9.423578
1520, -0.009576807, 0.22026655, 9.385271
1540, 0.009576807, 0.16280572, 9.423578
1560, 0.009576807, 0.1436521, 9.414001
1580, 0.02873042, 0.12449849, 9.414001
1600, 0.019153614, 0.18195933, 9.375694
1620, 0.009576807, 0.17238252, 9.442732
1640, 0.076614454, 0.15322891, 9.433155
1660, 0.019153614, 0.18195933, 9.452309
1680, -0.02873042, 0.20111294, 9.404425
1700, 0.0, 0.17238252, 9.557653
1720, 0.047884032, 0.20111294, 9.3182335
1740, 0.009576807, 0.15322891, 9.414001
1760, 0.019153614, 0.19153613, 9.414001
1780, 0.0, 0.18195933, 9.404425
1800, -0.009576807, 0.20111294, 9.442732
1820, 0.0, 0.1436521, 9.461885
1840, 0.0, 0.15322891, 9.433155
1860, -0.009576807, 0.18195933, 9.442732
1880, -0.009576807, 0.22984336, 9.404425
1900, 0.009576807, 0.18195933, 9.414001
1920, 0.0, 0.15322891, 9.461885
1940, 0.009576807, 0.15322891, 9.414001
1960, 0.06703765, 0.19153613, 9.385271
1980, -0.009576807, 0.20111294, 9.394848
2000, 0.009576807, 0.16280572, 9.404425
2020, -0.019153614, 0.15322891, 9.414001
2040, 0.009576807, 0.20111294, 9.433155
2060, 0.009576807, 0.17238252, 9.452309
2080, 0.0, 0.15322891, 9.423578
2100, 0.0, 0.1436521, 9.433155
2120, -0.038307227, 0.19153613, 9.442732
2140, 0.0, 0.17238252, 9.414001
2160, 0.047884032, 0.16280572, 9.423578
2180, -0.009576807, 0.19153613, 9.433155
2200, 0.0, 0.18195933, 9.404425
2220, 0.009576807, 0.18195933, 9.442732
2240, 0.05746084, 0.16280572, 9.433155
2260, -0.019153614, 0.19153613, 9.442732
2280, 0.038307227, 0.15322891, 9.433155
2300, -0.019153614, 0.17238252, 9.442732
2320, 0.009576807, 0.18195933, 9.414001
2340, 0.038307227, 0.18195933, 9.433155
2360, -0.009576807, 0.19153613, 9.404425
2380, 0.009576807, 0.20111294, 9.442732
2400, 0.009576807, 0.15322891, 9.433155
2420, -0.009576807, 0.1436521, 9.423578
2440, 0.038307227, 0.19153613, 9.385271
2460, 0.05746084, 0.17238252, 9.414001
2480, 0.019153614, 0.16280572, 9.423578
2500, 0.019153614, 0.21068975, 9.394848
2520, 0.019153614, 0.16280572, 9.433155
2540, 0.009576807, 0.1340753, 9.3661175
2560, -0.009576807, 0.17238252, 9.394848
2580, 0.019153614, 0.19153613, 9.452309
2600, 0.038307227, 0.1340753, 9.442732
2620, 0.02873042, 0.20111294, 9.442732
2640, 0.038307227, 0.19153613, 9.452309
2660, -0.009576807, 0.16280572, 9.404425
2680, 0.019153614, 0.19153613, 9.404425
2700, 0.009576807, 0.18195933, 9.32781
2720, 0.02873042, 0.15322891, 9.433155
2740, 0.047884032, 0.16280572, 9.423578
2760, 0.019153614, 0.16280572, 9.404425
2780, -0.02873042, 0.1436521, 9.404425
2800, 0.02873042, 0.16280572, 9.433155
2820, 0.038307227, 0.19153613, 9.414001
2840, 0.009576807, 0.16280572, 9.375694
2860, 0.02873042, 0.16280572, 9.433155
2880, 0.009576807, 0.17238252, 9.423578
2900, 0.038307227, 0.18195933, 9.452309
2920, 0.038307227, 0.18195933, 9.414001
2940, 0.02873042, 0.1436521, 9.433155
2960, 0.019153614, 0.18195933, 9.433155
2980, 0.0, 0.15322891, 9.442732
3000, 0.02873042, 0.12449849, 9.461885
3020, 0.0, 0.17238252, 9.442732
3040, 0.009576807, 0.18195933, 9.414001
3060, 0.05746084, 0.16280572, 9.385271
3080, 0.047884032, 0.1436521, 9.404425
3100, 0.02873042, 0.1340753, 9.414001
3120, 0.0, 0.15322891, 9.423578
3140, 0.009576807, 0.15322891, 9.394848
3160, 0.038307227, 0.1436521, 9.433155
3180, 0.0, 0.1436521, 9.404425
3200, 0.019153614, 0.16280572, 9.461885
3220, 0.009576807, 0.17238252, 9.442732
3240, 0.009576807, 0.19153613, 9.433155
3260, 0.047884032, 0.16280572, 9.404425
3280, 0.047884032, 0.19153613, 9.433155
3300, 0.038307227, 0.17238252, 9.414001
3320, 0.009576807, 0.18195933, 9.394848
3340, -0.019153614, 0.18195933, 9.356541
3360, 0.019153614, 0.16280572, 9.423578
3380, 0.009576807, 0.17238252, 9.433155
3400, 0.0, 0.18195933, 9.442732
3420, 0.047884032, 0.1436521, 9.423578
3440, 0.038307227, 0.17238252, 9.433155
3460, 0.009576807, 0.18195933, 9.433155
3480, 0.0, 0.15322891, 9.461885
3500, 0.02873042, 0.15322891, 9.433155
3520, -0.009576807, 0.17238252, 9.423578
3540, 0.019153614, 0.15322891, 9.442732
3560, 0.0, 0.15322891, 9.414001
3580, -0.009576807, 0.12449849, 9.461885
3600, 0.009576807, 0.17238252, 9.442732
3620, -0.009576807, 0.19153613, 9.385271
3640, -0.019153614, 0.1436521, 9.385271
3660, 0.009576807, 0.1436521, 9.414001
3680, 0.0, 0.18195933, 9.414001
3700, 0.047884032, 0.21068975, 9.385271
3720, 0.009576807, 0.15322891, 9.423578
3740, 0.009576807, 0.16280572, 9.394848
3760, -0.009576807, 0.15322891, 9.385271
3780, 0.038307227, 0.18195933, 9.394848
3800, 0.02873042, 0.18195933, 9.471462
3820, 0.0, 0.15322891, 9.423578
3840, -0.009576807, 0.12449849, 9.404425
3860, 0.0, 0.1340753, 9.471462
3880, 0.0, 0.19153613, 9.404425
3900, 0.009576807, 0.15322891, 9.442732
3920, 0.038307227, 0.1436521, 9.433155
3940, 0.0, 0.17238252, 9.423578
3960, 0.038307227, 0.19153613, 9.385271
3980, 0.0, 0.15322891, 9.414001
4000, 0.0, 0.15322891, 9.404425
4020, 0.02873042, 0.16280572, 9.442732
4040, 0.019153614, 0.16280572, 9.442732
4060, 0.02873042, 0.19153613, 9.433155
4080, 0.02873042, 0.15322891, 9.404425
4100, -0.019153614, 0.1436521, 9.385271
4120, 0.047884032, 0.16280572, 9.404425
4140, 0.047884032, 0.19153613, 9.423578
4160, 0.047884032, 0.16280572, 9.414001
4180, 0.0, 0.16280572, 9.414001
4200, 0.0, 0.16280572, 9.433155
4220, 0.019153614, 0.17238252, 9.414001
4240, -0.02873042, 0.1436521, 9.423578
4260, -0.009576807, 0.16280572, 9.385271
4280, 0.0, 0.1436521, 9.442732
4300, 0.047884032, 0.15322891, 9.442732
4320, 0.009576807, 0.1340753, 9.404425
4340, -0.019153614, 0.1340753, 9.385271
4360, 0.047884032, 0.15322891, 9.414001
4380, 0.02873042, 0.16280572, 9.414001
4400, 0.009576807, 0.16280572, 9.423578
4420, -0.02873042, 0.18195933, 9.414001
4440, 0.0, 0.1436521, 9.414001
4460, 0.0, 0.18195933, 9.452309
4480, 0.0, 0.18195933, 9.385271
4500, 0.02873042, 0.19153613, 9.433155
4520, 0.009576807, 0.16280572, 9.433155
4540, 0.047884032, 0.19153613, 9.414001
4560, 0.019153614, 0.17238252, 9.385271
4580, 0.019153614, 0.17238252, 9.375694
4600, 0.038307227, 0.16280572, 9.452309
4620, 0.02873042, 0.18195933, 9.452309
4640, 0.009576807, 0.19153613, 9.461885
4660, -0.009576807, 0.17238252, 9.414001
4680, 0.019153614, 0.17238252, 9.394848
4700, 0.019153614, 0.15322891, 9.423578
4720, 0.019153614, 0.15322891, 9.414001
4740, 0.02873042, 0.15322891, 9.394848
4760, -0.009576807, 0.15322891, 9.404425
4780, -0.009576807, 0.18195933, 9.433155
4800, 0.02873042, 0.16280572, 9.423578
4820, 0.009576807, 0.15322891, 9.404425
4840, -0.009576807, 0.12449849, 9.423578
4860, -0.019153614, 0.16280572, 9.442732
4880, -0.019153614, 0.20111294, 9.423578
4900, -0.019153614, 0.15322891, 9.414001
4920, -0.02873042, 0.15322891, 9.414001
4940, 0.009576807, 0.21068975, 9.423578
4960, -0.019153614, 0.18195933, 9.423578
4980, 0.019153614, 0.15322891, 9.414001
5000, 0.02873042, 0.19153613, 9.471462
5020, 0.019153614, 0.19153613, 9.394848
5040, -0.02873042, 0.17238252, 9.433155
5060, -0.019153614, 0.17238252, 9.442732
5080, 0.038307227, 0.16280572, 9.442732
5100, 0.019153614, 0.17238252, 9.433155
5120, -0.009576807, 0.16280572, 9.452309
5140, 0.047884032, 0.18195933, 9.414001
5160, 0.038307227, 0.1436521, 9.452309
5180, 0.019153614, 0.19153613, 9.414001
5200, 0.038307227, 0.19153613, 9.433155
5220, 0.038307227, 0.15322891, 9.433155
5240, -0.009576807, 0.15322891, 9.404425
5260, 0.009576807, 0.15322891, 9.423578
5280, 0.038307227, 0.1436521, 9.452309
5300, -0.019153614, 0.1340753, 9.414001
5320, 0.047884032, 0.15322891, 9.452309
5340, 0.038307227, 0.18195933, 9.414001
5360, 0.02873042, 0.21068975, 9.442732
5380, 0.038307227, 0.20111294, 9.433155
5400, 0.009576807, 0.16280572, 9.442732
5420, 0.019153614, 0.21068975, 9.404425
5440, 0.019153614, 0.16280572, 9.442732
5460, 0.019153614, 0.1436521, 9.433155
5480, 0.019153614, 0.18195933, 9.404425
5500, 0.02873042, 0.18195933, 9.442732
5520, -0.009576807, 0.18195933, 9.404425
5540, 0.009576807, 0.18195933, 9.423578
5560, 0.038307227, 0.17238252, 9.375694
5580, 0.0, 0.18195933, 9.414001
5600, -0.009576807, 0.18195933, 9.433155
5620, -0.009576807, 0.1436521, 9.433155
5640, 0.0, 0.1436521, 9.414001
5660, 0.019153614, 0.1340753, 9.404425
5680, 0.0, 0.15322891, 9.385271
5700, 0.019153614, 0.1436521, 9.414001
5720, -0.019153614, 0.17238252, 9.414001
5740, 0.038307227, 0.17238252, 9.394848
5760, 0.0, 0.1436521, 9.423578
5780, 0.0, 0.18195933, 9.404425
5800, 0.02873042, 0.16280572, 9.3661175
5820, 0.047884032, 0.1436521, 9.385271
5840, 0.019153614, 0.16280572, 9.385271
5860, 0.019153614, 0.1436521, 9.414001
5880, 0.02873042, 0.20111294, 9.404425
5900, -0.009576807, 0.1436521, 9.442732
5920, 0.038307227, 0.12449849, 9.461885
5940, 0.038307227, 0.18195933, 9.404425
5960, -0.009576807, 0.16280572, 9.423578
5980, 0.009576807, 0.17238252, 9.442732
6000, 0.02873042, 0.20111294, 9.481039
6020, -0.009576807, 0.19153613, 9.433155
6040, 0.009576807, 0.21068975, 9.471462
6060, 0.009576807, 0.16280572, 9.433155
6080, 0.038307227, 0.17238252, 9.404425
6100, 0.047884032, 0.17238252, 9.433155
6120, 0.047884032, 0.17238252, 9.442732
6140, 0.009576807, 0.15322891, 9.433155
6160, 0.019153614, 0.1340753, 9.433155
6180, 0.0, 0.16280572, 9.423578
6200, 0.02873042, 0.19153613, 9.423578
6220, 0.02873042, 0.17238252, 9.375694
6240, 0.019153614, 0.18195933, 9.394848
6260, 0.009576807, 0.20111294, 9.442732
6280, -0.009576807, 0.20111294, 9.404425
6300, -0.009576807, 0.17238252, 9.414001
6320, 0.02873042, 0.17238252, 9.433155
6340, 0.02873042, 0.18195933, 9.423578
6360, 0.038307227, 0.16280572, 9.3661175
6380, 0.019153614, 0.15322891, 9.404425
6400, 0.009576807, 0.1436521, 9.433155
6420, 0.019153614, 0.19153613, 9.394848
6440, 0.05746084, 0.19153613, 9.414001
6460, 0.019153614, 0.16280572, 9.404425
6480, 0.0, 0.15322891, 9.414001
6500, 0.009576807, 0.22984336, 9.414001
6520, -0.1436521, 0.17238252, 9.433155
6540, 0.0, 0.15322891, 9.423578
6560, 0.047884032, 0.18195933, 9.394848
6580, -0.019153614, 0.19153613, 9.404425
6600, -0.019153614, 0.18195933, 9.452309
6620, -0.009576807, 0.17238252, 9.433155
6640, 0.0, 0.17238252, 9.414001
6660, 0.0, 0.19153613, 9.414001
6680, -0.038307227, 0.16280572, 9.346964
6700, 0.019153614, 0.17238252, 9.442732
6720, 0.009576807, 0.15322891, 9.452309
6740, 0.038307227, 0.18195933, 9.433155
6760, -0.009576807, 0.1436521, 9.452309
6780, 0.0, 0.1436521, 9.452309
6800, 0.0, 0.19153613, 9.461885
6820, -0.009576807, 0.16280572, 9.442732
6840, 0.02873042, 0.16280572, 9.423578
6860, 0.02873042, 0.20111294, 9.423578
6880, -0.009576807, 0.19153613, 9.385271
6900, 0.009576807, 0.18195933, 9.394848
6920, 0.047884032, 0.16280572, 9.404425
6940, 0.019153614, 0.16280572, 9.414001
6960, 0.038307227, 0.15322891, 9.433155
6980, 0.019153614, 0.18195933, 9.423578
7000, 0.02873042, 0.15322891, 9.404425
7020, 0.02873042, 0.15322891, 9.414001
7040, 0.02873042, 0.20111294, 9.442732
7060, 0.0, 0.16280572, 9.404425
7080, 0.02873042, 0.16280572, 9.404425
7100, 0.02873042, 0.20111294, 9.423578
7120, 0.009576807, 0.21068975, 9.414001
7140, 0.0, 0.22026655, 9.394848
7160, 0.009576807, 0.20111294, 9.394848
7180, -0.009576807, 0.15322891, 9.414001
7200, 0.02873042, 0.22026655, 9.461885
7220, 0.019153614, 0.1436521, 9.423578
7240, -0.009576807, 0.16280572, 9.433155
7260, 0.02873042, 0.21068975, 9.404425
7280, 0.019153614, 0.15322891, 9.414001
7300, 0.019153614, 0.19153613, 9.433155
7320, -0.019153614, 0.15322891, 9.385271
7340, 0.047884032, 0.1340753, 9.461885
7360, 0.038307227, 0.15322891, 9.394848
7380, 0.009576807, 0.16280572, 9.433155
7400, -0.009576807, 0.15322891, 9.356541
7420, 0.0, 0.16280572, 9.356541
7440, -0.019153614, 0.16280572, 9.394848
7460, 0.05746084, 0.19153613, 9.423578
7480, 0.047884032, 0.15322891, 9.394848
7500, 0.038307227, 0.18195933, 9.433155
7520, 0.038307227, 0.1436521, 9.404425
7540, 0.009576807, 0.21068975, 9.433155
7560, 0.0, 0.1436521, 9.442732
7580, -0.009576807, 0.16280572, 9.394848
7600, 0.0, 0.16280572, 9.452309
7620, 0.019153614, 0.20111294, 9.414001
7640, 0.009576807, 0.22026655, 9.423578
7660, 0.038307227, 0.19153613, 9.433155
7680, 0.047884032, 0.16280572, 9.442732
7700, -0.019153614, 0.17238252, 9.433155
7720, -0.009576807, 0.19153613, 9.394848
7740, 0.02873042, 0.19153613, 9.356541
7760, 0.019153614, 0.17238252, 9.394848
7780, 0.009576807, 0.16280572, 9.423578
7800, 0.038307227, 0.18195933, 9.414001
7820, 0.009576807, 0.18195933, 9.442732
7840, 0.009576807, 0.19153613, 9.423578
7860, 0.019153614, 0.15322891, 9.442732
7880, 0.0, 0.18195933, 9.452309
7900, -0.009576807, 0.19153613, 9.452309
7920, -0.009576807, 0.17238252, 9.442732
7940, 0.02873042, 0.18195933, 9.404425
7960, 0.009576807, 0.19153613, 9.375694
7980, 0.009576807, 0.19153613, 9.3661175
8000, 0.009576807, 0.17238252, 9.375694
8020, 0.047884032, 0.15322891, 9.414001
8040, 0.019153614, 0.19153613, 9.385271
8060, 0.038307227, 0.18195933, 9.414001
8080, 0.009576807, 0.15322891, 9.404425
8100, -0.009576807, 0.19153613, 9.452309
8120, 0.02873042, 0.18195933, 9.433155
8140, 0.009576807, 0.20111294, 9.404425
8160, 0.0, 0.17238252, 9.414001
8180, -0.02873042, 0.20111294, 9.471462
8200, 0.047884032, 0.20111294, 9.414001
8220, 0.0, 0.17238252, 9.433155
8240, 0.038307227, 0.21068975, 9.433155
8260, 0.009576807, 0.18195933, 9.414001
8280, 0.019153614, 0.16280572, 9.471462
8300, 0.038307227, 0.20111294, 9.414001
8320, 0.019153614, 0.17238252, 9.3661175
8340, 0.019153614, 0.17238252, 9.442732
8360, 0.009576807, 0.15322891, 9.385271
8380, 0.009576807, 0.16280572, 9.404425
8400, 0.038307227, 0.18195933, 9.423578
8420, 0.0, 0.16280572, 9.385271
8440, -0.009576807, 0.16280572, 9.433155
8460, 0.009576807, 0.16280572, 9.414001
8480, -0.009576807, 0.17238252, 9.394848
8500, -0.019153614, 0.1340753, 9.394848
8520, 0.02873042, 0.18195933, 9.394848
8540, 0.0, 0.18195933, 9.423578
8560, 0.038307227, 0.17238252, 9.481039
8580, 0.009576807, 0.15322891, 9.461885
8600, 0.0, 0.21068975, 9.394848
8620, 0.02873042, 0.17238252, 9.423578
8640, 0.02873042, 0.17238252, 9.404425
8660, -0.019153614, 0.19153613, 9.423578
8680, 0.019153614, 0.19153613, 9.490616
8700, 0.019153614, 0.18195933, 9.490616
8720, 0.0, 0.18195933, 9.433155
8740, 0.009576807, 0.16280572, 9.433155
8760, -0.009576807, 0.16280572, 9.414001
8780, 0.05746084, 0.17238252, 9.461885
8800, 0.0, 0.16280572, 9.452309
8820, 0.02873042, 0.18195933, 9.3661175
8840, 0.02873042, 0.18195933, 9.442732
8860, 0.0, 0.21068975, 9.433155
8880, -0.019153614, 0.21068975, 9.414001
8900, -0.038307227, 0.17238252, 9.375694
8920, -0.009576807, 0.18195933, 9.414001
8940, 0.02873042, 0.17238252, 9.433155
8960, 0.06703765, 0.16280572, 9.423578
8980, 0.009576807, 0.18195933, 9.414001
9000, 0.02873042, 0.17238252, 9.433155
9020, 0.02873042, 0.20111294, 9.394848
9040, 0.019153614, 0.1436521, 9.414001
9060, -0.009576807, 0.20111294, 9.423578
9080, 0.019153614, 0.17238252, 9.404425
9100, 0.05746084, 0.18195933, 9.414001
9120, 0.038307227, 0.17238252, 9.433155
9140, 0.02873042, 0.18195933, 9.414001
9160, -0.019153614, 0.15322891, 9.423578
9180, 0.009576807, 0.17238252, 9.394848
9200, 0.0, 0.1340753, 9.452309
9220, 0.0, 0.15322891, 9.433155
9240, 0.02873042, 0.12449849, 9.394848
9260, 0.02873042, 0.15322891, 9.404425
9280, 0.02873042, 0.15322891, 9.433155
9300, 0.047884032, 0.15322891, 9.404425
9320, 0.038307227, 0.17238252, 9.404425
9340, 0.009576807, 0.17238252, 9.404425
9360, 0.009576807, 0.17238252, 9.394848
9380, -0.02873042, 0.18195933, 9.500193
9400, 0.0, 0.17238252, 9.433155
9420, 0.02873042, 0.17238252, 9.461885
9440, 0.047884032, 0.19153613, 9.414001
9460, 0.009576807, 0.1340753, 9.423578
9480, -0.009576807, 0.16280572, 9.423578
9500, 0.02873042, 0.15322891, 9.414001
9520, 0.047884032, 0.1436521, 9.423578
9540, 0.02873042, 0.15322891, 9.423578
9560, 0.038307227, 0.19153613, 9.394848
9580, 0.038307227, 0.17238252, 9.385271
9600, 0.06703765, 0.15322891, 9.394848
9620, 0.047884032, 0.16280572, 9.423578
9640, 0.009576807, 0.1436521, 9.423578
9660, -0.009576807, 0.20111294, 9.433155
9680, 0.019153614, 0.19153613, 9.442732
9700, 0.047884032, 0.15322891, 9.423578
9720, -0.019153614, 0.18195933, 9.414001
9740, 0.009576807, 0.16280572, 9.442732
9760, 0.009576807, 0.1436521, 9.414001
9780, 0.038307227, 0.20111294, 9.414001
9800, 0.009576807, 0.17238252, 9.433155
9820, 0.038307227, 0.1436521, 9.442732
9840, 0.019153614, 0.1436521, 9.404425
9860, 0.009576807, 0.19153613, 9.433155
9880, -0.019153614, 0.15322891, 9.433155
9900, 0.009576807, 0.16280572, 9.394848
9920, 0.019153614, 0.16280572, 9.414001
9940, 0.047884032, 0.16280572, 9.433155
9960, 0.019153614, 0.16280572, 9.414001
9980, 0.019153614, 0.16280572, 9.423578
10000, 0.019153614, 0.11492168, 9.404425
10020, 0.009576807, 0.18195933, 9.414001
10040, 0.047884032, 0.12449849, 9.414001
10060, 0.019153614, 0.1436521, 9.433155
10080, 0.009576807, 0.16280572, 9.404425
10100, 0.009576807, 0.1436521, 9.414001
10120, 0.02873042, 0.1436521, 9.414001
10140, 0.02873042, 0.18195933, 9.442732
10160, 0.0, 0.1436521, 9.3661175
10180, 0.0, 0.16280572, 9.375694
10200, 0.009576807, 0.15322891, 9.385271
10220, 0.02873042, 0.15322891, 9.385271
10240, 0.02873042, 0.18195933, 9.414001
10260, 0.02873042, 0.18195933, 9.414001
10280, 0.019153614, 0.18195933, 9.385271
10300, 0.02873042, 0.17238252, 9.433155
10320, 0.038307227, 0.1436521, 9.461885
10340, -0.009576807, 0.16280572, 9.433155
10360, 0.019153614, 0.15322891, 9.452309
10380, 0.0, 0.20111294, 9.452309
10400, 0.0, 0.21068975, 9.414001
10420, -0.009576807, 0.15322891, 9.414001
10440, 0.02873042, 0.20111294, 9.433155
10460, 0.02873042, 0.16280572, 9.414001
10480, 0.038307227, 0.16280572, 9.423578
10500, 0.019153614, 0.11492168, 9.471462
10520, 0.047884032, 0.15322891, 9.433155
10540, 0.02873042, 0.15322891, 9.423578
10560, -0.019153614, 0.15322891, 9.414001
10580, -0.019153614, 0.16280572, 9.414001
10600, 0.0, 0.17238252, 9.433155
10620, 0.009576807, 0.19153613, 9.461885
10640, 0.02873042, 0.15322891, 9.394848
10660, 0.0, 0.16280572, 9.404425
10680, 0.009576807, 0.18195933, 9.394848
10700, 0.0, 0.18195933, 9.414001
10720, 0.02873042, 0.19153613, 9.452309
10740, -0.009576807, 0.15322891, 9.433155
10760, -0.009576807, 0.15322891, 9.404425
10780, -0.019153614, 0.20111294, 9.461885
10800, -0.019153614, 0.18195933, 9.461885
10820, -0.02873042, 0.18195933, 9.414001
10840, 0.02873042, 0.20111294, 9.404425
10860, 0.009576807, 0.21068975, 9.433155
10880, 0.009576807, 0.1436521, 9.394848
10900, 0.047884032, 0.18195933, 9.414001
10920, 0.047884032, 0.17238252, 9.414001
10940, 0.009576807, 0.18195933, 9.414001
10960, 0.019153614, 0.16280572, 9.433155
10980, 0.02873042, 0.16280572, 9.385271
11000, 0.009576807, 0.20111294, 9.442732
11020, 0.019153614, 0.16280572, 9.471462
11040, 0.009576807, 0.19153613, 9.404425
11060, 0.0, 0.17238252, 9.414001
11080, 0.05746084, 0.16280572, 9.385271
11100, 0.05746084, 0.15322891, 9.385271
11120, 0.047884032, 0.19153613, 9.404425
11140, 0.009576807, 0.1340753, 9.433155
11160, 0.05746084, 0.17238252, 9.394848
11180, 0.038307227, 0.17238252, 9.404425
11200, 0.038307227, 0.19153613, 9.394848
11220, 0.009576807, 0.17238252, 9.414001
11240, 0.02873042, 0.18195933, 9.404425
11260, -0.009576807, 0.17238252, 9.433155
11280, 0.047884032, 0.15322891, 9.433155
11300, 0.02873042, 0.18195933, 9.385271
11320, 0.02873042, 0.18195933, 9.423578
11340, 0.019153614, 0.15322891, 9.442732
11360, 0.019153614, 0.17238252, 9.433155
11380, 0.0, 0.18195933, 9.433155
11400, 0.009576807, 0.15322891, 9.3661175
11420, -0.02873042, 0.1436521, 9.375694
11440, 0.009576807, 0.16280572, 9.375694
11460, -0.009576807, 0.15322891, 9.404425
11480, -0.009576807, 0.18195933, 9.423578
11500, -0.009576807, 0.1436521, 9.442732
11520, 0.009576807, 0.16280572, 9.452309
11540, 0.038307227, 0.16280572, 9.461885
11560, -0.02873042, 0.18195933, 9.433155
11580, 0.009576807, 0.15322891, 9.423578
11600, 0.009576807, 0.17238252, 9.433155
11620, 0.02873042, 0.17238252, 9.414001
11640, 0.047884032, 0.1436521, 9.423578
11660, 0.05746084, 0.17238252, 9.414001
11680, 0.047884032, 0.18195933, 9.385271
11700, 0.0, 0.15322891, 9.385271
11720, 0.0, 0.18195933, 9.414001
11740, 0.02873042, 0.17238252, 9.471462
11760, 0.038307227, 0.16280572, 9.423578
11780, 0.02873042, 0.17238252, 9.461885
11800, 0.047884032, 0.16280572, 9.423578
11820, 0.05746084, 0.19153613, 9.423578
11840, -0.009576807, 0.18195933, 9.394848
11860, 0.009576807, 0.1340753, 9.442732
11880, 0.019153614, 0.1340753, 9.414001
11900, 0.009576807, 0.18195933, 9.442732
11920, 0.009576807, 0.16280572, 9.471462
11940, 0.047884032, 0.12449849, 9.461885
11960, 0.0, 0.15322891, 9.423578
11980, 0.0, 0.20111294, 9.442732
12000, 0.02873042, 0.1436521, 9.414001
12020, -0.009576807, 0.17238252, 9.414001
12040, 0.0, 0.18195933, 9.375694
12060, -0.02873042, 0.15322891, 9.385271
12080, 0.009576807, 0.16280572, 9.385271
12100, 0.047884032, 0.19153613, 9.414001
12120, -0.009576807, 0.18195933, 9.452309
12140, -0.019153614, 0.20111294, 9.423578
12160, 0.02873042, 0.18195933, 9.404425
12180, 0.0, 0.17238252, 9.404425
12200, 0.0, 0.1340753, 9.404425
12220, -0.05746084, 0.18195933, 9.414001
12240, -0.009576807, 0.12449849, 9.423578
12260, 0.038307227, 0.16280572, 9.461885
12280, 0.047884032, 0.16280572, 9.394848
12300, -0.009576807, 0.17238252, 9.394848
12320, 0.009576807, 0.18195933, 9.442732
12340, 0.019153614, 0.18195933, 9.452309
12360, 0.019153614, 0.15322891, 9.442732
12380, 0.0, 0.17238252, 9.433155
12400, -0.02873042, 0.20111294, 9.394848
12420, 0.02873042, 0.17238252, 9.385271
12440, 0.0, 0.17238252, 9.394848
12460, 0.009576807, 0.16280572, 9.414001
12480, -0.038307227, 0.15322891, 9.461885
12500, -0.019153614, 0.15322891, 9.385271
12520, 0.02873042, 0.15322891, 9.452309
12540, 0.019153614, 0.20111294, 9.394848
12560, -0.009576807, 0.17238252, 9.414001
12580, 0.047884032, 0.15322891, 9.433155
12600, 0.019153614, 0.16280572, 9.404425
12620, -0.009576807, 0.16280572, 9.414001
12640, 0.019153614, 0.17238252, 9.394848
12660, 0.0, 0.16280572, 9.423578
12680, 0.038307227, 0.16280572, 9.452309
12700, 0.019153614, 0.17238252, 9.404425
12720, 0.0, 0.1340753, 9.433155
12740, 0.0, 0.15322891, 9.404425
12760, 0.02873042, 0.16280572, 9.394848
12780, 0.019153614, 0.21068975, 9.442732
12800, 0.019153614, 0.16280572, 9.442732
12820, 0.009576807, 0.1436521, 9.423578
12840, 0.009576807, 0.17238252, 9.423578
12860, 0.0, 0.19153613, 9.404425
12880, 0.019153614, 0.18195933, 9.452309
12900, 0.0, 0.19153613, 9.423578
12920, 0.0, 0.17238252, 9.433155
12940, 0.009576807, 0.20111294, 9.433155
12960, -0.009576807, 0.17238252, 9.414001
12980, 0.0, 0.16280572, 9.433155
13000, 0.009576807, 0.1436521, 9.442732
13020, 0.009576807, 0.16280572, 9.414001
13040, 0.0, 0.17238252, 9.423578
13060, 0.038307227, 0.18195933, 9.375694
13080, 0.009576807, 0.17238252, 9.375694
13100, 0.0, 0.22026655, 9.385271
13120, -0.02873042, 0.17238252, 9.3661175
13140, 0.019153614, 0.15322891, 9.433155
13160, 0.0, 0.17238252, 9.414001
13180, 0.019153614, 0.16280572, 9.423578
13200, 0.009576807, 0.17238252, 9.423578
13220, 0.019153614, 0.17238252, 9.423578
13240, 0.009576807, 0.17238252, 9.404425
13260, -0.019153614, 0.17238252, 9.404425
13280, 0.019153614, 0.17238252, 9.404425
13300, 0.009576807, 0.15322891, 9.414001
13320, 0.0, 0.21068975, 9.385271
13340, -0.019153614, 0.17238252, 9.385271
13360, 0.009576807, 0.16280572, 9.461885
13380, 0.019153614, 0.1340753, 9.414001
13400, 0.02873042, 0.1340753, 9.442732
13420, 0.009576807, 0.16280572, 9.442732
13440, 0.02873042, 0.19153613, 9.375694
13460, -0.019153614, 0.20111294, 9.385271
13480, 0.02873042, 0.17238252, 9.433155
13500, 0.05746084, 0.18195933, 9.423578
13520, -0.019153614, 0.15322891, 9.394848
13540, 0.009576807, 0.18195933, 9.423578
13560, 0.009576807, 0.18195933, 9.442732
13580, 0.038307227, 0.18195933, 9.433155
13600, 0.02873042, 0.17238252, 9.375694
13620, 0.009576807, 0.1436521, 9.433155
13640, 0.038307227, 0.15322891, 9.404425
13660, 0.038307227, 0.1436521, 9.433155
13680, 0.047884032, 0.20111294, 9.404425
13700, 0.038307227, 0.18195933, 9.442732
13720, 0.02873042, 0.16280572, 9.414001
13740, 0.02873042, 0.1436521, 9.423578
13760, 0.009576807, 0.17238252, 9.442732
13780, -0.009576807, 0.18195933, 9.452309
13800, 0.038307227, 0.1436521, 9.385271
13820, -0.02873042, 0.17238252, 9.442732
13840, -0.02873042, 0.19153613, 9.394848
13860, -0.009576807, 0.1436521, 9.404425
13880, 0.0, 0.20111294, 9.404425
13900, -0.009576807, 0.18195933, 9.404425
13920, -0.019153614, 0.19153613, 9.3661175
13940, 0.05746084, 0.17238252, 9.442732
13960, 0.019153614, 0.16280572, 9.385271
13980, 0.0, 0.18195933, 9.404425
14000, -0.019153614, 0.16280572, 9.433155
14020, 0.02873042, 0.16280572, 9.423578
14040, 0.02873042, 0.19153613, 9.433155
14060, 0.05746084, 0.15322891, 9.433155
14080, 0.02873042, 0.1436521, 9.414001
14100, 0.019153614, 0.12449849, 9.461885
14120, 0.009576807, 0.19153613, 9.442732
14140, 0.02873042, 0.17238252, 9.442732
14160, -0.009576807, 0.1436521, 9.471462
14180, 0.047884032, 0.17238252, 9.404425
14200, 0.038307227, 0.22984336, 9.433155
14220, 0.019153614, 0.16280572, 9.414001
14240, 0.009576807, 0.15322891, 9.404425
14260, 0.02873042, 0.1340753, 9.433155
14280, 0.02873042, 0.17238252, 9.404425
14300, -0.009576807, 0.17238252, 9.394848
14320, 0.038307227, 0.17238252, 9.433155
14340, 0.02873042, 0.20111294, 9.442732
14360, 0.019153614, 0.17238252, 9.423578
14380, 0.019153614, 0.16280572, 9.385271
14400, 0.02873042, 0.19153613, 9.423578
14420, 0.019153614, 0.18195933, 9.481039
14440, 0.009576807, 0.18195933, 9.442732
14460, -0.009576807, 0.1436521, 9.452309
14480, 0.0, 0.18195933, 9.433155
14500, 0.0, 0.19153613, 9.385271
14520, 0.047884032, 0.16280572, 9.394848
14540, -0.009576807, 0.18195933, 9.394848
14560, 0.019153614, 0.15322891, 9.404425
14580, 0.009576807, 0.18195933, 9.433155
14600, 0.02873042, 0.20111294, 9.433155
14620, 0.009576807, 0.19153613, 9.394848
14640, 0.009576807, 0.15322891, 9.442732
14660, 0.038307227, 0.16280572, 9.394848
14680, 0.047884032, 0.18195933, 9.414001
14700, 0.038307227, 0.18195933, 9.442732
14720, 0.019153614, 0.19153613, 9.404425
14740, 0.0, 0.16280572, 9.414001
14760, 0.019153614, 0.19153613, 9.461885
14780, 0.038307227, 0.15322891, 9.423578
14800, -0.019153614, 0.19153613, 9.423578
14820, -0.019153614, 0.16280572, 9.423578
14840, 0.0, 0.1436521, 9.385271
14860, 0.02873042, 0.16280572, 9.3661175
14880, 0.019153614, 0.1436521, 9.385271
14900, 0.05746084, 0.15322891, 9.394848
14920, 0.009576807, 0.16280572, 9.394848
14940, -0.019153614, 0.15322891, 9.461885
14960, 0.02873042, 0.19153613, 9.452309
14980, 0.019153614, 0.16280572, 9.385271
15000, 0.05746084, 0.1436521, 9.414001
15020, 0.0, 0.15322891, 9.423578
15040, 0.0, 0.17238252, 9.471462
15060, 0.0, 0.16280572, 9.414001
15080, 0.019153614, 0.17238252, 9.414001
15100, -0.009576807, 0.18195933, 9.414001
15120, 0.1436521, 0.18195933, 9.375694
15140, -0.009576807, 0.17238252, 9.433155
15160, -0.009576807, 0.15322891, 9.452309
15180, -0.009576807, 0.15322891, 9.414001
15200, 0.019153614, 0.15322891, 9.375694
15220, 0.0, 0.15322891, 9.461885
15240, -0.009576807, 0.20111294, 9.433155
15260, -0.009576807, 0.17238252, 9.404425
15280, -0.009576807, 0.16280572, 9.404425
15300, -0.019153614, 0.16280572, 9.394848
15320, 0.038307227, 0.15322891, 9.414001
15340, 0.0, 0.18195933, 9.375694
15360, -0.009576807, 0.22984336, 9.414001
15380, 0.019153614, 0.1436521, 9.433155
15400, 0.0, 0.18195933, 9.433155
15420, 0.0, 0.16280572, 9.414001
15440, 0.009576807, 0.17238252, 9.461885
15460, 0.009576807, 0.19153613, 9.452309
15480, -0.019153614, 0.17238252, 9.385271
15500, 0.02873042, 0.17238252, 9.452309
15520, 0.009576807, 0.19153613, 9.433155
15540, -0.009576807, 0.18195933, 9.404425
15560, 0.02873042, 0.16280572, 9.433155
15580, 0.019153614, 0.1436521, 9.394848
15600, -0.019153614, 0.17238252, 9.433155
15620, 0.02873042, 0.18195933, 9.433155
15640, 0.0, 0.15322891, 9.442732
15660, 0.009576807, 0.16280572, 9.423578
15680, 0.009576807, 0.19153613, 9.433155
15700, 0.0, 0.18195933, 9.404425
15720, 0.009576807, 0.19153613, 9.423578
15740, 0.038307227, 0.18195933, 9.433155
15760, 0.02873042, 0.10534488, 9.404425
15780, 0.019153614, 0.1340753, 9.433155
15800, 0.009576807, 0.1340753, 9.452309
15820, 0.009576807, 0.1436521, 9.423578
15840, 0.019153614, 0.20111294, 9.385271
15860, 0.0, 0.21068975, 9.414001
15880, 0.047884032, 0.20111294, 9.404425
15900, 0.05746084, 0.20111294, 9.461885
15920, 0.047884032, 0.18195933, 9.385271
15940, 0.019153614, 0.20111294, 9.375694
15960, -0.02873042, 0.17238252, 9.423578
15980, 0.038307227, 0.17238252, 9.423578
16000, -0.019153614, 0.15322891, 9.461885
16020, 0.0, 0.15322891, 9.414001
16040, -0.019153614, 0.17238252, 9.385271
16060, 0.047884032, 0.20111294, 9.461885
16080, 0.038307227, 0.16280572, 9.433155
16100, 0.038307227, 0.16280572, 9.461885
16120, 0.0, 0.18195933, 9.404425
16140, -0.02873042, 0.22026655, 9.461885
16160, -0.019153614, 0.19153613, 9.414001
16180, -0.009576807, 0.19153613, 9.442732
16200, 0.019153614, 0.21068975, 9.433155
16220, 0.02873042, 0.18195933, 9.423578
16240, 0.009576807, 0.1340753, 9.404425
16260, 0.019153614, 0.1340753, 9.404425
16280, 0.0, 0.15322891, 9.385271
16300, 0.0, 0.15322891, 9.404425
16320, -0.047884032, 0.19153613, 9.394848
16340, 0.019153614, 0.18195933, 9.423578
16360, 0.009576807, 0.17238252, 9.461885
16380, 0.019153614, 0.16280572, 9.442732
16400, 0.019153614, 0.16280572, 9.423578
16420, 0.0, 0.17238252, 9.433155
16440, 0.038307227, 0.19153613, 9.423578
16460, 0.047884032, 0.1436521, 9.414001
16480, 0.019153614, 0.1436521, 9.433155
16500, 0.038307227, 0.15322891, 9.423578
16520, 0.02873042, 0.17238252, 9.404425
16540, -0.02873042, 0.17238252, 9.461885
16560, -0.009576807, 0.18195933, 9.423578
16580, 0.047884032, 0.1340753, 9.433155
16600, 0.019153614, 0.18195933, 9.442732
16620, 0.02873042, 0.17238252, 9.404425
16640, 0.06703765, 0.17238252, 9.433155
16660, 0.02873042, 0.17238252, 9.423578
16680, 0.02873042, 0.16280572, 9.423578
16700, 0.038307227, 0.19153613, 9.414001
16720, 0.06703765, 0.16280572, 9.423578
16740, -0.009576807, 0.18195933, 9.433155
16760, 0.02873042, 0.18195933, 9.442732
16780, -0.019153614, 0.21068975, 9.442732
16800, 0.0, 0.17238252, 9.423578
16820, 0.019153614, 0.17238252, 9.404425
16840, 0.038307227, 0.20111294, 9.433155
16860, -0.009576807, 0.20111294, 9.3661175
16880, 0.009576807, 0.20111294, 9.394848
16900, 0.06703765, 0.15322891, 9.385271
16920, 0.009576807, 0.17238252, 9.423578
16940, 0.019153614, 0.1340753, 9.414001
16960, 0.009576807, 0.19153613, 9.414001
16980, -0.009576807, 0.22026655, 9.385271
17000, 0.009576807, 0.16280572, 9.452309
17020, 0.009576807, 0.15322891, 9.414001
17040, -0.009576807, 0.15322891, 9.442732
17060, 0.009576807, 0.18195933, 9.461885
17080, 0.0, 0.16280572, 9.442732
17100, 0.02873042, 0.16280572, 9.414001
17120, 0.02873042, 0.17238252, 9.394848
17140, -0.02873042, 0.1436521, 9.385271
17160, 0.009576807, 0.1340753, 9.414001
17180, 0.038307227, 0.1340753, 9.375694
17200, 0.02873042, 0.18195933, 9.433155
17220, 0.019153614, 0.15322891, 9.442732
17240, 0.038307227, 0.16280572, 9.394848
17260, 0.019153614, 0.17238252, 9.385271
17280, 0.047884032, 0.1436521, 9.423578
17300, 0.02873042, 0.1340753, 9.423578
17320, -0.019153614, 0.16280572, 9.442732
17340, 0.02873042, 0.18195933, 9.442732
17360, -0.009576807, 0.16280572, 9.433155
17380, 0.02873042, 0.18195933, 9.433155
17400, 0.038307227, 0.18195933, 9.404425
17420, 0.009576807, 0.18195933, 9.433155
17440, 0.0, 0.19153613, 9.385271
17460, 0.019153614, 0.17238252, 9.394848
17480, -0.02873042, 0.15322891, 9.423578
17500, 0.019153614, 0.17238252, 9.423578
17520, 0.009576807, 0.19153613, 9.404425
17540, 0.0, 0.19153613, 9.442732
17560, 0.019153614, 0.15322891, 9.452309
17580, 0.047884032, 0.16280572, 9.433155
17600, 0.019153614, 0.19153613, 9.385271
17620, -0.019153614, 0.16280572, 9.433155
17640, -0.038307227, 0.17238252, 9.442732
17660, 0.0, 0.20111294, 9.433155
17680, -0.009576807, 0.17238252, 9.404425
17700, 0.0, 0.18195933, 9.461885
17720, 0.02873042, 0.16280572, 9.414001
17740, 0.047884032, 0.18195933, 9.375694
17760, 0.06703765, 0.20111294, 9.423578
17780, 0.019153614, 0.15322891, 9.3661175
17800, 0.038307227, 0.16280572, 9.404425
17820, 0.02873042, 0.20111294, 9.414001
17840, 0.02873042, 0.19153613, 9.423578
17860, -0.009576807, 0.22026655, 9.394848
17880, 0.05746084, 0.17238252, 9.414001
17900, 0.038307227, 0.17238252, 9.442732
17920, 0.02873042, 0.18195933, 9.404425
17940, 0.009576807, 0.15322891, 9.385271
17960, 0.02873042, 0.17238252, 9.404425
17980, 0.05746084, 0.1436521, 9.414001
18000, 0.009576807, 0.20111294, 9.414001
18020, 0.02873042, 0.18195933, 9.394848
18040, 0.047884032, 0.16280572, 9.404425
18060, 0.009576807, 0.16280572, 9.385271
18080, 0.02873042, 0.18195933, 9.375694
18100, 0.047884032, 0.1436521, 9.404425
18120, 0.0, 0.17238252, 9.404425
18140, 0.009576807, 0.15322891, 9.461885
18160, 0.0, 0.1436521, 9.442732
18180, -0.019153614, 0.17238252, 9.433155
18200, 0.038307227, 0.16280572, 9.414001
18220, 0.0, 0.19153613, 9.442732
18240, 0.02873042, 0.16280572, 9.385271
18260, -0.009576807, 0.19153613, 9.433155
18280, 0.02873042, 0.17238252, 9.423578
18300, -0.019153614, 0.20111294, 9.404425
18320, 0.0, 0.17238252, 9.404425
18340, 0.06703765, 0.18195933, 9.404425
18360, 0.009576807, 0.19153613, 9.346964
18380, 0.009576807, 0.18195933, 9.385271
18400, 0.047884032, 0.15322891, 9.423578
18420, 0.02873042, 0.19153613, 9.433155
18440, 0.02873042, 0.16280572, 9.452309
18460, 0.009576807, 0.20111294, 9.414001
18480, 0.019153614, 0.20111294, 9.414001
18500, 0.009576807, 0.18195933, 9.385271
18520, 0.019153614, 0.20111294, 9.404425
18540, 0.019153614, 0.18195933, 9.385271
18560, 0.0, 0.22026655, 9.385271
18580, 0.019153614, 0.19153613, 9.433155
18600, 0.047884032, 0.17238252, 9.433155
18620, 0.05746084, 0.19153613, 9.452309
18640, 0.0, 0.17238252, 9.442732
18660, -0.009576807, 0.15322891, 9.423578
18680, 0.038307227, 0.18195933, 9.414001
18700, -0.009576807, 0.16280572, 9.414001
18720, 0.019153614, 0.16280572, 9.414001
18740, -0.038307227, 0.19153613, 9.414001
18760, -0.009576807, 0.15322891, 9.442732
18780, -0.009576807, 0.18195933, 9.461885
18800, 0.019153614, 0.16280572, 9.423578
18820, -0.019153614, 0.16280572, 9.404425
18840, 0.0, 0.17238252, 9.442732
18860, -0.009576807, 0.17238252, 9.433155
18880, 0.009576807, 0.17238252, 9.423578
18900, 0.038307227, 0.18195933, 9.394848
18920, -0.009576807, 0.16280572, 9.385271
18940, 0.0, 0.19153613, 9.3661175
18960, 0.02873042, 0.20111294, 9.404425
18980, 0.019153614, 0.18195933, 9.404425
19000, -0.019153614, 0.17238252, 9.404425
19020, 0.0, 0.15322891, 9.385271
19040, 0.019153614, 0.17238252, 9.404425
19060, 0.02873042, 0.12449849, 9.442732
19080, 0.02873042, 0.15322891, 9.404425
19100, 0.047884032, 0.1436521, 9.442732
19120, 0.0, 0.1340753, 9.385271
19140, 0.02873042, 0.16280572, 9.404425
19160, 0.02873042, 0.20111294, 9.423578
19180, 0.038307227, 0.19153613, 9.433155
19200, 0.019153614, 0.19153613, 9.433155
19220, 0.019153614, 0.21068975, 9.404425
19240, 0.047884032, 0.17238252, 9.461885
19260, 0.05746084, 0.19153613, 9.423578
19280, 0.019153614, 0.15322891, 9.452309
19300, 0.038307227, 0.16280572, 9.404425
19320, 0.038307227, 0.18195933, 9.442732
19340, -0.009576807, 0.18195933, 9.375694
19360, -0.019153614, 0.19153613, 9.3661175
19380, -0.009576807, 0.17238252, 9.414001
19400, -0.019153614, 0.17238252, 9.394848
19420, -0.019153614, 0.17238252, 9.394848
19440, 0.0, 0.16280572, 9.337387
19460, 0.0, 0.18195933, 9.375694
19480, -0.009576807, 0.21068975, 9.404425
19500, -0.009576807, 0.19153613, 9.394848
19520, 0.019153614, 0.20111294, 9.461885
19540, -0.019153614, 0.1436521, 9.394848
19560, 0.02873042, 0.1436521, 9.414001
19580, 0.02873042, 0.18195933, 9.414001
19600, 0.019153614, 0.19153613, 9.423578
19620, 0.038307227, 0.17238252, 9.423578
19640, -0.019153614, 0.18195933, 9.442732
19660, 0.019153614, 0.16280572, 9.404425
19680, 0.019153614, 0.18195933, 9.404425
19700, 0.0, 0.1436521, 9.375694
19720, -0.009576807, 0.16280572, 9.385271
19740, 0.0, 0.15322891, 9.414001
19760, -0.009576807, 0.1436521, 9.394848
19780, 0.0, 0.17238252, 9.461885
19800, -0.038307227, 0.19153613, 9.394848
19820, -0.019153614, 0.17238252, 9.404425
19840, 0.02873042, 0.18195933, 9.394848
19860, 0.02873042, 0.16280572, 9.423578
19880, 0.009576807, 0.15322891, 9.414001
19900, -0.019153614, 0.16280572, 9.433155
19920, 0.009576807, 0.20111294, 9.423578
19940, -0.009576807, 0.17238252, 9.433155
19960, 0.019153614, 0.15322891, 9.423578
19980, 0.0, 0.16280572, 9.394848
20000, 0.0, 0.15322891, 9.356541
20020, 0.009576807, 0.16280572, 9.423578
20040, 0.02873042, 0.15322891, 9.423578
20060, 0.02873042, 0.18195933, 9.414001
20080, -0.038307227, 0.1436521, 9.433155
20100, 0.02873042, 0.17238252, 9.414001
20120, 0.009576807, 0.19153613, 9.452309
20140, 0.02873042, 0.1436521, 9.414001
20160, 0.02873042, 0.18195933, 9.471462
20180, 0.038307227, 0.15322891, 9.452309
20200, 0.0, 0.19153613, 9.414001
20220, 0.02873042, 0.16280572, 9.433155
20240, 0.009576807, 0.1436521, 9.423578
20260, 0.02873042, 0.16280572, 9.404425
20280, 0.019153614, 0.20111294, 9.414001
20300, 0.0, 0.18195933, 9.423578
20320, -0.019153614, 0.15322891, 9.423578
20340, 0.019153614, 0.16280572, 9.452309
20360, 0.047884032, 0.1436521, 9.433155
20380, 0.0, 0.20111294, 9.394848
20400, -0.02873042, 0.17238252, 9.442732
20420, 0.0, 0.15322891, 9.433155
20440, 0.0, 0.1436521, 9.461885
20460, 0.019153614, 0.15322891, 9.442732
20480, -0.009576807, 0.20111294, 9.423578
20500, 0.009576807, 0.17238252, 9.423578
20520, 0.02873042, 0.21068975, 9.452309
20540, -0.02873042, 0.18195933, 9.423578
20560, 0.0, 0.20111294, 9.423578
20580, 0.019153614, 0.17238252, 9.404425
20600, 0.019153614, 0.20111294, 9.433155
20620, -0.038307227, 0.19153613, 9.433155
20640, -0.009576807, 0.18195933, 9.433155
20660, 0.019153614, 0.18195933, 9.433155
20680, -0.019153614, 0.1436521, 9.394848
20700, 0.009576807, 0.18195933, 9.385271
20720, 0.009576807, 0.1436521, 9.394848
20740, 0.0, 0.18195933, 9.423578
20760, 0.02873042, 0.18195933, 9.433155
20780, 0.019153614, 0.19153613, 9.394848
20800, -0.019153614, 0.19153613, 9.375694
20820, 0.02873042, 0.21068975, 9.433155
20840, 0.047884032, 0.19153613, 9.423578
20860, 0.0, 0.17238252, 9.423578
20880, -0.019153614, 0.16280572, 9.442732
20900, 0.009576807, 0.17238252, 9.404425
20920, -0.019153614, 0.16280572, 9.414001
20940, 0.0, 0.22026655, 9.471462
20960, 0.019153614, 0.19153613, 9.442732
20980, -0.009576807, 0.15322891, 9.414001
21000, 0.009576807, 0.18195933, 9.394848
21020, 0.0, 0.16280572, 9.394848
21040, -0.038307227, 0.16280572, 9.414001
21060, -0.009576807, 0.15322891, 9.404425
21080, 0.02873042, 0.15322891, 9.423578
21100, 0.0, 0.21068975, 9.394848
21120, 0.019153614, 0.18195933, 9.375694
21140, -0.1436521, 0.16280572, 9.414001
21160, -0.02873042, 0.17238252, 9.375694
21180, -0.019153614, 0.20111294, 9.394848
21200, 0.0, 0.1436521, 9.414001
21220, 0.019153614, 0.15322891, 9.414001
21240, 0.05746084, 0.16280572, 9.442732
21260, -0.019153614, 0.15322891, 9.423578
21280, -0.019153614, 0.1436521, 9.404425
21300, -0.009576807, 0.17238252, 9.471462
21320, 0.05746084, 0.17238252, 9.461885
21340, 0.019153614, 0.17238252, 9.414001
21360, 0.02873042, 0.18195933, 9.442732
21380, 0.019153614, 0.15322891, 9.442732
21400, 0.0, 0.20111294, 9.461885
21420, 0.0, 0.17238252, 9.433155
21440, 0.02873042, 0.17238252, 9.423578
21460, 0.019153614, 0.15322891, 9.414001
21480, 0.019153614, 0.17238252, 9.414001
21500, -0.009576807, 0.15322891, 9.461885
21520, 0.0, 0.16280572, 9.385271
21540, 0.009576807, 0.17238252, 9.404425
21560, -0.009576807, 0.18195933, 9.404425
21580, 0.0, 0.17238252, 9.423578
21600, 0.009576807, 0.1436521, 9.414001
21620, 0.0, 0.16280572, 9.442732
21640, 0.038307227, 0.19153613, 9.414001
21660, 0.038307227, 0.18195933, 9.404425
21680, 0.019153614, 0.19153613, 9.394848
21700, -0.019153614, 0.12449849, 9.404425
21720, 0.0, 0.1340753, 9.3661175
21740, 0.019153614, 0.15322891, 9.394848
21760, 0.038307227, 0.1436521, 9.404425
21780, 0.019153614, 0.17238252, 9.423578
21800, 0.009576807, 0.15322891, 9.423578
21820, 0.009576807, 0.11492168, 9.404425
21840, 0.0, 0.1436521, 9.414001
21860, -0.02873042, 0.19153613, 9.414001
21880, 0.019153614, 0.18195933, 9.423578
21900, 0.05746084, 0.17238252, 9.375694
21920, -0.019153614, 0.16280572, 9.394848
21940, 0.0, 0.17238252, 9.433155
21960, 0.019153614, 0.16280572, 9.423578
21980, 0.038307227, 0.17238252, 9.452309
22000, 0.0, 0.1436521, 9.394848
22020, -0.047884032, 0.18195933, 9.423578
22040, 0.0, 0.16280572, 9.452309
22060, 0.019153614, 0.20111294, 9.414001
22080, 0.02873042, 0.1436521, 9.423578
22100, 0.038307227, 0.17238252, 9.423578
22120, 0.019153614, 0.16280572, 9.385271
22140, 0.02873042, 0.17238252, 9.423578
22160, 0.047884032, 0.18195933, 9.394848
22180, 0.047884032, 0.16280572, 9.414001
22200, 0.02873042, 0.15322891, 9.394848
22220, 0.0, 0.1436521, 9.356541
22240, 0.019153614, 0.1436521, 9.385271
22260, 0.0, 0.15322891, 9.394848
22280, 0.047884032, 0.16280572, 9.385271
22300, 0.047884032, 0.16280572, 9.385271
22320, -0.009576807, 0.1340753, 9.404425
22340, -0.019153614, 0.15322891, 9.385271
22360, -0.019153614, 0.20111294, 9.404425
22380, 0.02873042, 0.18195933, 9.394848
22400, 0.06703765, 0.1436521, 9.433155
22420, 0.02873042, 0.18195933, 9.423578
22440, -0.019153614, 0.20111294, 9.452309
22460, -0.009576807, 0.21068975, 9.433155
22480, 0.038307227, 0.21068975, 9.414001
22500, 0.019153614, 0.20111294, 9.414001
22520, -0.019153614, 0.1340753, 9.3661175
22540, 0.02873042, 0.15322891, 9.423578
22560, 0.02873042, 0.16280572, 9.414001
22580, 0.02873042, 0.1340753, 9.414001
22600, 0.019153614, 0.12449849, 9.394848
22620, 0.02873042, 0.18195933, 9.404425
22640, 0.009576807, 0.15322891, 9.423578
22660, 0.019153614, 0.1436521, 9.375694
22680, 0.019153614, 0.20111294, 9.423578
22700, 0.019153614, 0.19153613, 9.375694
22720, 0.009576807, 0.19153613, 9.414001
22740, 0.009576807, 0.16280572, 9.404425
22760, 0.047884032, 0.17238252, 9.385271
22780, -0.009576807, 0.17238252, 9.404425
22800, 0.0, 0.18195933, 9.394848
22820, 0.019153614, 0.17238252, 9.452309
22840, 0.02873042, 0.15322891, 9.423578
22860, 0.009576807, 0.17238252, 9.404425
22880, -0.019153614, 0.17238252, 9.3661175
22900, 0.06703765, 0.1340753, 9.14585
22920, 0.009576807, 0.1340753, 9.394848
22940, 0.009576807, 0.18195933, 9.423578
22960, 0.009576807, 0.16280572, 9.423578
22980, 0.019153614, 0.18195933, 9.394848
23000, -0.009576807, 0.17238252, 9.433155
23020, 0.05746084, 0.20111294, 9.433155
23040, 0.0, 0.21068975, 9.394848
23060, -0.009576807, 0.18195933, 9.394848
23080, 0.019153614, 0.18195933, 9.346964
23100, 0.02873042, 0.1436521, 9.461885
23120, 0.05746084, 0.18195933, 9.404425
23140, 0.047884032, 0.17238252, 9.423578
23160, 0.038307227, 0.17238252, 9.423578
23180, 0.038307227, 0.17238252, 9.414001
23200, 0.047884032, 0.19153613, 9.394848
23220, 0.038307227, 0.17238252, 9.414001
23240, 0.0, 0.17238252, 9.452309
23260, 0.076614454, -0.15322891, 8.360553
23280, 0.06703765, 0.10534488, 9.251195
23300, 0.06703765, 0.18195933, 9.356541
23320, 0.038307227, 0.18195933, 9.3661175
23340, 0.038307227, 0.21068975, 9.414001
23360, 0.047884032, 0.20111294, 9.385271
23380, 0.02873042, 0.18195933, 9.394848
23400, 0.038307227, 0.18195933, 9.385271
23420, 0.047884032, 0.20111294, 9.3661175
23440, 0.02873042, 0.19153613, 9.394848
23460, 0.02873042, 0.21068975, 10.333375
23480, 0.02873042, 0.22026655, 9.672575
23500, 0.02873042, 0.22026655, 9.672575
23520, 0.02873042, 0.22026655, 9.672575
23540, 0.02873042, 0.22026655, 9.672575
23560, 0.02873042, 0.22026655, 9.672575
23580, 0.019153614, 0.16280572, 9.414001
23600, 0.038307227, 0.16280572, 9.394848
23620, 0.038307227, 0.18195933, 9.404425
23640, 0.019153614, 0.18195933, 9.394848
23660, -0.009576807, 0.15322891, 9.375694
23680, 0.0, 0.1340753, 9.442732
23700, 0.019153614, 0.15322891, 9.423578
23720, 0.038307227, 0.1436521, 9.375694
23740, 0.0, 0.15322891, 9.433155
23760, 0.02873042, 0.19153613, 9.442732
23780, 0.0, 0.21068975, 9.414001
23800, 0.009576807, 0.16280572, 9.385271
23820, 0.0, 0.1436521, 9.404425
23840, 0.038307227, 0.1436521, 9.433155
23860, 0.02873042, 0.16280572, 9.385271
23880, 0.047884032, 0.21068975, 9.433155
23900, 0.047884032, 0.17238252, 9.423578
23920, 0.05746084, 0.19153613, 9.375694
23940, 0.047884032, 0.19153613, 9.394848
23960, 0.02873042, 0.16280572, 9.414001
23980, 0.038307227, 0.19153613, 9.394848
24000, 0.019153614, 0.18195933, 9.375694
24020, -0.038307227, 0.18195933, 9.423578
24040, 0.009576807, 0.15322891, 9.404425
24060, 0.019153614, 0.16280572, 9.414001
24080, 0.019153614, 0.17238252, 9.394848
24100, 0.038307227, 0.21068975, 9.433155
24120, 0.0, 0.17238252, 9.375694
24140, 0.038307227, 0.17238252, 9.433155
24160, 0.019153614, 0.15322891, 9.404425
24180, 0.047884032, 0.15322891, 9.423578
24200, 0.038307227, 0.16280572, 9.423578
24220, 0.038307227, 0.17238252, 9.414001
24240, 0.009576807, 0.21068975, 9.452309
24260, 0.009576807, 0.20111294, 9.404425
24280, -0.009576807, 0.18195933, 9.385271
24300, 0.009576807, 0.17238252, 9.346964
24320, 0.02873042, 0.21068975, 9.433155
24340, 0.0, 0.18195933, 9.442732
24360, -0.019153614, 0.17238252, 9.442732
24380, 0.0, 0.17238252, 9.394848
24400, 0.02873042, 0.19153613, 9.394848
24420, -0.009576807, 0.19153613, 9.394848
24440, 0.0, 0.17238252, 9.404425
24460, 0.038307227, 0.16280572, 9.414001
24480, 0.009576807, 0.20111294, 9.3661175
24500, 0.009576807, 0.15322891, 9.385271
24520, 0.047884032, 0.16280572, 9.452309
24540, 0.009576807, 0.17238252, 9.394848
24560, -0.009576807, 0.1436521, 9.414001
24580, 0.019153614, 0.17238252, 9.433155
24600, 0.0, 0.19153613, 9.394848
24620, 0.019153614, 0.17238252, 9.414001
24640, 0.05746084, 0.15322891, 9.423578
24660, -0.019153614, 0.15322891, 9.3661175
24680, 0.0, 0.16280572, 9.414001
24700, -0.038307227, 0.20111294, 9.423578
24720, -0.019153614, 0.21068975, 9.442732
24740, 0.02873042, 0.19153613, 9.452309
24760, -0.02873042, 0.15322891, 9.433155
24780, -0.019153614, 0.1340753, 9.452309
24800, 0.009576807, 0.1436521, 9.404425
24820, 0.019153614, 0.17238252, 9.385271
24840, 0.0, 0.1436521, 9.414001
24860, 0.02873042, 0.1436521, 9.423578
24880, 0.0, 0.18195933, 9.423578
24900, 0.02873042, 0.17238252, 9.394848
24920, 0.009576807, 0.15322891, 9.423578
24940, 0.06703765, 0.17238252, 9.433155
24960, -0.047884032, 0.15322891, 9.720459
24980, 0.30645782, 0.23942018, 8.858546
25000, 0.31603462, 0.34476504, 9.030929
25020, 0.1340753, 0.22026655, 9.385271
25040, 0.0, 0.10534488, 9.299079
25060, 0.24899697, 0.1340753, 9.404425
25080, 0.2777274, 0.06703765, 9.461885
25100, 0.22026655, 0.1436521, 9.471462
25120, -0.02873042, 0.10534488, 9.528923
25140, -0.6703765, 0.37349546, 9.414001
25160, -0.16280572, 0.2777274, 9.385271
25180, 0.019153614, 0.21068975, 9.356541
25200, 0.047884032, 0.15322891, 9.404425
25220, 0.009576807, 0.17238252, 9.452309
25240, -0.009576807, 0.17238252, 9.414001
25260, 0.019153614, 0.16280572, 9.414001
25280, -0.038307227, 0.17238252, 9.356541
25300, -0.10534488, 0.12449849, 9.375694
25320, 0.095768064, 0.22984336, 9.404425
25340, 0.095768064, 0.19153613, 9.452309
25360, -0.095768064, 0.1340753, 9.414001
25380, 0.019153614, 0.18195933, 9.394848
25400, 0.05746084, 0.21068975, 9.414001
25420, 0.05746084, 0.16280572, 9.452309
25440, 0.02873042, 0.15322891, 9.471462
25460, 0.047884032, 0.18195933, 9.414001
25480, 0.019153614, 0.12449849, 9.385271
25500, 0.019153614, 0.15322891, 9.414001
25520, 0.009576807, 0.19153613, 9.394848
25540, 0.019153614, 0.17238252, 9.433155
25560, 0.019153614, 0.16280572, 9.461885
25580, 0.0, 0.1436521, 9.423578
25600, -0.009576807, 0.19153613, 9.404425
25620, 0.009576807, 0.1340753, 9.442732
25640, 0.009576807, 0.16280572, 9.423578
25660, 0.02873042, 0.17238252, 9.452309
25680, 0.019153614, 0.1340753, 9.471462
25700, 0.0, 0.1340753, 9.414001
25720, 0.0, 0.1436521, 9.433155
25740, 0.009576807, 0.18195933, 9.414001
25760, -0.009576807, 0.18195933, 9.452309
25780, 0.009576807, 0.17238252, 9.433155
25800, 0.019153614, 0.19153613, 9.461885
25820, 0.0, 0.16280572, 9.394848
25840, 0.038307227, 0.16280572, 9.394848
25860, 0.019153614, 0.16280572, 9.404425
25880, 0.02873042, 0.18195933, 9.414001
25900, 0.0, 0.16280572, 9.375694
25920, 0.02873042, 0.21068975, 9.385271
25940, 0.0, 0.17238252, 9.375694
25960, 0.038307227, 0.18195933, 9.404425
25980, 0.0, 0.15322891, 9.442732
26000, 0.0, 0.16280572, 9.433155
26020, -0.019153614, 0.17238252, 9.404425
26040, -0.009576807, 0.17238252, 9.404425
26060, 0.009576807, 0.18195933, 9.404425
26080, 0.009576807, 0.20111294, 9.461885
26100, 0.019153614, 0.20111294, 9.414001
26120, 0.0, 0.16280572, 9.433155
26140, 0.02873042, 0.19153613, 9.423578
26160, 0.019153614, 0.20111294, 9.404425
26180, 0.02873042, 0.20111294, 9.404425
26200, 0.009576807, 0.17238252, 9.433155
26220, 0.047884032, 0.19153613, 9.452309
26240, 0.0, 0.17238252, 9.442732
26260, -0.009576807, 0.16280572, 9.423578
26280, 0.02873042, 0.19153613, 9.433155
26300, 0.02873042, 0.18195933, 9.452309
26320, 0.0, 0.19153613, 9.385271
26340, -0.02873042, 0.17238252, 9.404425
26360, -0.02873042, 0.19153613, 9.452309
26380, -0.009576807, 0.19153613, 9.414001
26400, 0.02873042, 0.16280572, 9.461885
26420, 0.019153614, 0.19153613, 9.404425
26440, -0.009576807, 0.1436521, 9.461885
26460, 0.009576807, 0.19153613, 9.433155
26480, 0.019153614, 0.16280572, 9.423578
26500, 0.0, 0.16280572, 9.423578
26520, -0.009576807, 0.16280572, 9.423578
26540, -0.02873042, 0.1436521, 9.471462
26560, 0.019153614, 0.1436521, 9.442732
26580, 0.0, 0.17238252, 9.433155
26600, 0.038307227, 0.17238252, 9.442732
26620, 0.076614454, 0.15322891, 9.394848
26640, 0.047884032, 0.19153613, 9.423578
26660, 0.038307227, 0.17238252, 9.394848
26680, 0.0, 0.10534488, 9.404425
26700, 0.02873042, 0.18195933, 9.423578
26720, 0.0, 0.1436521, 9.442732
26740, -0.019153614, 0.1340753, 9.414001
26760, 0.009576807, 0.1340753, 9.404425
26780, 0.0, 0.17238252, 9.414001
26800, 0.0, 0.20111294, 9.394848
26820, 0.047884032, 0.17238252, 9.414001
26840, 0.02873042, 0.17238252, 9.394848
26860, -0.06703765, 0.15322891, 10.0748005
26880, -0.22026655, 0.2681506, 9.346964
26900, -0.45010993, 0.35434186, 9.442732
26920, -0.48841715, 0.2777274, 9.136273
26940, 0.40222588, 0.095768064, 8.197746
26960, 0.545878, 0.0, 9.988609
26980, 0.46926352, 0.05746084, 9.11712
27000, 0.1340753, 0.1436521, 9.433155
27020, 0.05746084, 0.1436521, 9.375694
27040, 0.019153614, 0.16280572, 9.404425
27060, 0.02873042, 0.18195933, 9.433155
27080, 0.038307227, 0.17238252, 9.404425
27100, 0.009576807, 0.18195933, 9.433155
27120, 0.009576807, 0.18195933, 9.423578
27140, 0.047884032, 0.17238252, 9.423578
27160, 0.038307227, 0.18195933, 9.375694
27180, 0.038307227, 0.20111294, 9.394848
27200, 0.0, 0.15322891, 9.385271
27220, 0.019153614, 0.16280572, 9.414001
27240, 0.038307227, 0.12449849, 9.414001
27260, 0.02873042, 0.18195933, 9.3661175
27280, 0.02873042, 0.16280572, 9.423578
27300, 0.019153614, 0.11492168, 9.414001
27320, 0.019153614, 0.1436521, 9.471462
27340, 0.009576807, 0.16280572, 9.442732
27360, 0.0, 0.17238252, 9.375694
27380, -0.009576807, 0.18195933, 9.433155
27400, 0.02873042, 0.18195933, 9.385271
27420, 0.02873042, 0.16280572, 9.3661175
27440, 0.019153614, 0.15322891, 9.394848
27460, 0.019153614, 0.17238252, 9.414001
27480, 0.0, 0.19153613, 9.433155
27500, 0.019153614, 0.15322891, 9.423578
27520, 0.038307227, 0.17238252, 9.404425
27540, 0.02873042, 0.17238252, 9.414001
27560, 0.05746084, 0.19153613, 9.404425
27580, 0.038307227, 0.15322891, 9.404425
27600, 0.038307227, 0.1436521, 9.442732
27620, 0.009576807, 0.1340753, 9.423578
27640, 0.019153614, 0.17238252, 9.433155
27660, 0.047884032, 0.18195933, 9.433155
27680, 0.02873042, 0.18195933, 9.423578
27700, 0.038307227, 0.20111294, 9.385271
27720, 0.05746084, 0.18195933, 9.414001
27740, -0.009576807, 0.17238252, 9.404425
27760, 0.009576807, 0.19153613, 9.423578
27780, 0.0, 0.1436521, 9.423578
27800, -0.009576807, 0.15322891, 9.423578
27820, 0.02873042, 0.17238252, 9.414001
27840, 0.009576807, 0.16280572, 9.414001
27860, 0.02873042, 0.16280572, 9.433155
27880, 0.009576807, 0.18195933, 9.433155
27900, -0.009576807, 0.18195933, 9.423578
27920, -0.019153614, 0.17238252, 9.423578
27940, 0.02873042, 0.17238252, 9.461885
27960, 0.009576807, 0.17238252, 9.423578
27980, 0.009576807, 0.17238252, 9.394848
28000, 0.047884032, 0.16280572, 9.385271
28020, 0.076614454, 0.1436521, 9.414001
28040, 0.06703765, 0.16280572, 9.433155
28060, 0.02873042, 0.20111294, 9.433155
28080, 0.009576807, 0.17238252, 9.404425
28100, 0.019153614, 0.1436521, 9.423578
28120, 0.047884032, 0.19153613, 9.433155
28140, 0.02873042, 0.17238252, 9.433155
28160, 0.009576807, 0.17238252, 9.433155
28180, 0.05746084, 0.19153613, 9.404425
28200, 0.019153614, 0.18195933, 9.414001
28220, 0.019153614, 0.20111294, 9.452309
28240, 0.019153614, 0.19153613, 9.394848
28260, 0.009576807, 0.1436521, 9.481039
28280, -0.019153614, 0.06703765, 9.404425
28300, -0.02873042, 0.22984336, 9.385271
28320, 0.06703765, 0.08619126, 9.375694
28340, 0.08619126, 0.29688102, 9.356541
28360, 0.02873042, 0.22026655, 9.3661175
28380, 0.038307227, 0.16280572, 9.3661175
28400, 0.05746084, 0.21068975, 9.394848
28420, 0.02873042, 0.19153613, 9.394848
28440, -0.009576807, 0.15322891, 9.3661175
28460, 0.019153614, 0.1436521, 9.404425
28480, 0.0, 0.1436521, 9.433155
28500, 0.0, 0.16280572, 9.423578
28520, 0.02873042, 0.15322891, 9.442732
28540, -0.019153614, 0.17238252, 9.433155
28560, -0.009576807, 0.17238252, 9.404425
28580, -0.009576807, 0.17238252, 9.452309
28600, 0.019153614, 0.17238252, 9.481039
28620, 0.047884032, 0.17238252, 9.452309
28640, 0.05746084, 0.17238252, 9.385271
28660, 0.009576807, 0.20111294, 9.385271
28680, 0.009576807, 0.20111294, 9.385271
28700, 0.019153614, 0.1436521, 9.394848
28720, 0.0, 0.1436521, 9.394848
28740, -0.02873042, 0.19153613, 9.375694
28760, 0.038307227, 0.17238252, 9.442732
28780, 0.02873042, 0.18195933, 9.404425
28800, 0.02873042, 0.17238252, 9.414001
28820, 0.019153614, 0.1340753, 9.423578
28840, -0.10534488, 0.10534488, 9.423578
28860, -0.02873042, 0.1436521, 9.414001
28880, 0.02873042, 0.15322891, 9.423578
28900, 0.0, 0.15322891, 9.414001
28920, 0.047884032, 0.18195933, 9.442732
28940, 0.02873042, 0.20111294, 9.452309
28960, 0.0, 0.19153613, 9.423578
28980, -0.019153614, 0.15322891, 9.423578
29000, 0.0, 0.17238252, 9.414001
29020, 0.009576807, 0.19153613, 9.394848
29040, 0.0, 0.21068975, 9.404425
29060, 0.02873042, 0.17238252, 9.414001
29080, 0.009576807, 0.16280572, 9.375694
29100, 0.047884032, 0.16280572, 9.32781
29120, 0.038307227, 0.20111294, 9.337387
29140, -0.009576807, 0.15322891, 9.404425
29160, -0.019153614, 0.17238252, 9.423578
29180, 0.02873042, 0.1436521, 9.433155
29200, 0.02873042, 0.17238252, 9.404425
29220, 0.02873042, 0.1436521, 9.433155
29240, 0.019153614, 0.16280572, 9.452309
29260, 0.038307227, 0.19153613, 9.414001
29280, -0.019153614, 0.18195933, 9.394848
29300, 0.02873042, 0.20111294, 9.433155
29320, 0.02873042, 0.16280572, 9.461885
29340, 0.0, 0.19153613, 9.452309
29360, 0.019153614, 0.19153613, 9.423578
29380, -0.02873042, 0.20111294, 9.442732
29400, 0.038307227, 0.17238252, 9.423578
29420, 0.047884032, 0.16280572, 9.471462
29440, 0.019153614, 0.21068975, 9.404425
29460, 0.009576807, 0.18195933, 9.385271
29480, -0.009576807, 0.19153613, 9.394848
29500, 0.047884032, 0.16280572, 9.442732
29520, 0.019153614, 0.17238252, 9.414001
29540, 0.0, 0.15322891, 9.471462
29560, 0.019153614, 0.1340753, 9.442732
29580, 0.047884032, 0.1340753, 9.423578
29600, 0.05746084, 0.15322891, 9.433155
29620, -0.009576807, 0.15322891, 9.423578
29640, 0.0, 0.17238252, 9.414001
29660, -0.009576807, 0.1436521, 9.414001
29680, 0.009576807, 0.18195933, 9.394848
29700, 0.0, 0.19153613, 9.404425
29720, 0.009576807, 0.19153613, 9.394848
29740, 0.019153614, 0.20111294, 9.423578
29760, 0.019153614, 0.19153613, 9.433155
29780, 0.02873042, 0.19153613, 9.404425
29800, 0.02873042, 0.18195933, 9.375694
29820, 0.0, 0.16280572, 9.414001
29840, 0.02873042, 0.16280572, 9.404425
29860, 0.0, 0.16280572, 9.414001
29880, 0.02873042, 0.16280572, 9.414001
29900, 0.009576807, 0.1436521, 9.404425
29920, 0.0, 0.17238252, 9.414001
29940, 0.019153614, 0.18195933, 9.394848
29960, 0.038307227, 0.20111294, 9.394848
29980, 0.02873042, 0.19153613, 9.404425
30000, 0.009576807, 0.18195933, 9.375694
30020, 0.038307227, 0.20111294, 9.404425
30040, 0.0, 0.17238252, 9.423578
30060, 0.05746084, 0.1340753, 9.452309
30080, 0.019153614, 0.15322891, 9.442732
30100, 0.047884032, 0.15322891, 9.404425
30120, 0.019153614, 0.19153613, 9.394848
30140, 0.038307227, 0.16280572, 9.414001
30160, -0.019153614, 0.10534488, 9.404425
30180, 0.009576807, 0.15322891, 9.423578
30200, 0.019153614, 0.16280572, 9.423578
30220, -0.009576807, 0.18195933, 9.433155
30240, -0.038307227, 0.17238252, 9.404425
30260, 0.019153614, 0.16280572, 9.433155
30280, 0.019153614, 0.16280572, 9.414001
30300, 0.009576807, 0.18195933, 9.394848
30320, 0.009576807, 0.20111294, 9.394848
30340, 0.009576807, 0.21068975, 9.442732
30360, 0.038307227, 0.19153613, 9.394848
30380, 0.019153614, 0.16280572, 9.394848
30400, 0.038307227, 0.19153613, 9.442732
30420, 0.05746084, 0.18195933, 9.433155
30440, 0.009576807, 0.15322891, 9.461885
30460, 0.0, 0.16280572, 9.423578
30480, 0.0, 0.18195933, 9.404425
30500, -0.05746084, 0.18195933, 9.433155
30520, 0.009576807, 0.22984336, 9.414001
30540, 0.038307227, 0.15322891, 9.404425
30560, 0.009576807, 0.15322891, 9.442732
30580, 0.019153614, 0.17238252, 9.404425
30600, 0.02873042, 0.19153613, 9.433155
30620, 0.047884032, 0.16280572, 9.404425
30640, 0.05746084, 0.15322891, 9.394848
30660, 0.038307227, 0.15322891, 9.414001
30680, 0.038307227, 0.16280572, 9.423578
30700, 0.05746084, 0.15322891, 9.461885
30720, 0.0, 0.17238252, 9.414001
30740, 0.038307227, 0.1436521, 9.423578
30760, 0.038307227, 0.16280572, 9.385271
30780, 0.02873042, 0.15322891, 9.414001
30800, 0.047884032, 0.15322891, 9.423578
30820, 0.019153614, 0.16280572, 9.433155
30840, 0.0, 0.17238252, 9.385271
30860, 0.019153614, 0.19153613, 9.433155
30880, 0.009576807, 0.15322891, 9.394848
30900, 0.019153614, 0.15322891, 9.385271
30920, -0.02873042, 0.16280572, 9.433155
30940, 0.0, 0.15322891, 9.423578
30960, 0.009576807, 0.17238252, 9.404425
30980, 0.0, 0.20111294, 9.423578
31000, 0.0, 0.1340753, 9.452309
31020, 0.009576807, 0.1340753, 9.433155
31040, 0.009576807, 0.18195933, 9.433155
31060, 0.019153614, 0.17238252, 9.433155
31080, 0.02873042, 0.18195933, 9.423578
31100, 0.019153614, 0.19153613, 9.414001
31120, 0.019153614, 0.1436521, 9.423578
31140, 0.0, 0.17238252, 9.433155
31160, 0.02873042, 0.18195933, 9.452309
31180, -0.019153614, 0.16280572, 9.452309
31200, 0.019153614, 0.18195933, 9.442732
31220, 0.0, 0.16280572, 9.414001
31240, -0.019153614, 0.1436521, 9.423578
31260, 0.0, 0.10534488, 9.394848
31280, -0.009576807, 0.16280572, 9.385271
31300, 0.0, 0.15322891, 9.375694
31320, 0.02873042, 0.17238252, 9.414001
31340, 0.02873042, 0.18195933, 9.423578
31360, 0.05746084, 0.1340753, 9.423578
31380, 0.0, 0.19153613, 9.375694
31400, 0.0, 0.15322891, 9.404425
31420, 0.02873042, 0.16280572, 9.442732
31440, -0.009576807, 0.15322891, 9.442732
31460, 0.02873042, 0.12449849, 9.442732
31480, 0.06703765, 0.15322891, 9.423578
31500, 0.038307227, 0.15322891, 9.404425
31520, 0.02873042, 0.17238252, 9.414001
31540, 0.019153614, 0.18195933, 9.423578
31560, 0.019153614, 0.18195933, 9.3661175
31580, -0.009576807, 0.1436521, 9.3661175
31600, -0.019153614, 0.17238252, 9.385271
31620, 0.009576807, 0.1436521, 9.442732
31640, 0.019153614, 0.17238252, 9.375694
31660, 0.019153614, 0.18195933, 9.414001
31680, 0.0, 0.19153613, 9.433155
31700, -0.009576807, 0.1340753, 9.404425
31720, 0.009576807, 0.1340753, 9.433155
31740, 0.009576807, 0.15322891, 9.385271
31760, 0.019153614, 0.16280572, 9.385271
31780, 0.0, 0.1436521, 9.461885
31800, 0.02873042, 0.19153613, 9.452309
31820, 0.019153614, 0.19153613, 9.433155
31840, 0.02873042, 0.17238252, 9.423578
31860, 0.019153614, 0.15322891, 9.385271
31880, 0.02873042, 0.16280572, 9.471462
31900, 0.009576807, 0.15322891, 9.394848
31920, 0.0, 0.16280572, 9.442732
31940, 0.02873042, 0.18195933, 9.423578
31960, 0.047884032, 0.20111294, 9.414001
31980, 0.0, 0.22984336, 9.433155
32000, 0.0, 0.15322891, 9.423578
32020, 0.02873042, 0.17238252, 9.461885
32040, 0.019153614, 0.19153613, 9.471462
32060, 0.0, 0.11492168, 9.404425
32080, 0.047884032, 0.17238252, 9.404425
32100, 0.0, 0.15322891, 9.423578
32120, 0.009576807, 0.16280572, 9.404425
32140, 0.019153614, 0.17238252, 9.433155
32160, 0.02873042, 0.1436521, 9.423578
32180, 0.009576807, 0.19153613, 9.423578
32200, 0.019153614, 0.15322891, 9.452309
32220, 0.019153614, 0.1340753, 9.404425
32240, 0.047884032, 0.20111294, 9.404425
32260, 0.02873042, 0.17238252, 9.442732
32280, 0.019153614, 0.1436521, 9.461885
32300, 0.038307227, 0.19153613, 9.394848
32320, 0.05746084, 0.15322891, 9.385271
32340, 0.06703765, 0.16280572, 9.404425
32360, 0.02873042, 0.1436521, 9.414001
32380, 0.02873042, 0.16280572, 9.414001
32400, 0.019153614, 0.16280572, 9.404425
32420, 0.02873042, 0.18195933, 9.394848
32440, 0.038307227, 0.22026655, 9.346964
32460, 0.019153614, 0.20111294, 9.394848
32480, 0.009576807, 0.15322891, 9.433155
32500, 0.0, 0.1436521, 9.452309
32520, 0.02873042, 0.19153613, 9.385271
32540, 0.019153614, 0.1436521, 9.375694
32560, 0.009576807, 0.18195933, 9.414001
32580, -0.009576807, 0.19153613, 9.375694
32600, 0.019153614, 0.12449849, 9.414001
32620, 0.038307227, 0.16280572, 9.442732
32640, 0.02873042, 0.18195933, 9.433155
32660, 0.019153614, 0.19153613, 9.414001
32680, 0.02873042, 0.18195933, 9.452309
32700, 0.0, 0.1340753, 9.414001
32720, 0.019153614, 0.17238252, 9.423578
32740, 0.0, 0.15322891, 9.394848
32760, 0.019153614, 0.1436521, 9.452309
32780, -0.019153614, 0.16280572, 9.414001
32800, 0.019153614, 0.1436521, 9.394848
32820, 0.019153614, 0.12449849, 9.461885
32840, 0.02873042, 0.1340753, 9.414001
32860, 0.019153614, 0.15322891, 9.442732
32880, -0.009576807, 0.1436521, 9.433155
32900, 0.038307227, 0.16280572, 9.414001
32920, 0.019153614, 0.16280572, 9.385271
32940, 0.009576807, 0.17238252, 9.423578
32960, 0.009576807, 0.17238252, 9.461885
32980, 0.0, 0.18195933, 9.442732
33000, 0.047884032, 0.20111294, 9.414001
33020, 0.038307227, 0.19153613, 9.385271
33040, 0.02873042, 0.19153613, 9.375694
33060, -0.23942018, 0.038307227, 9.414001
33080, 0.1340753, 0.19153613, 9.394848
33100, 0.16280572, 0.20111294, 9.3661175
33120, 0.038307227, 0.18195933, 9.414001
33140, 0.047884032, 0.17238252, 9.394848
33160, 0.02873042, 0.17238252, 9.414001
33180, 0.019153614, 0.16280572, 9.461885
33200, 0.047884032, 0.18195933, 9.433155
33220, 0.038307227, 0.16280572, 9.404425
33240, 0.02873042, 0.18195933, 9.3661175
33260, 0.038307227, 0.20111294, 9.414001
33280, 0.038307227, 0.19153613, 9.423578
33300, -0.009576807, 0.17238252, 9.423578
33320, 0.019153614, 0.17238252, 9.442732
33340, 0.019153614, 0.19153613, 9.442732
33360, 0.02873042, 0.17238252, 9.452309
33380, 0.019153614, 0.17238252, 9.404425
33400, 0.06703765, 0.19153613, 9.394848
33420, 0.047884032, 0.20111294, 9.452309
33440, 0.02873042, 0.17238252, 9.414001
33460, 0.0, 0.17238252, 9.461885
33480, 0.0, 0.16280572, 9.423578
33500, 0.019153614, 0.16280572, 9.423578
33520, 0.02873042, 0.1436521, 9.414001
33540, 0.02873042, 0.16280572, 9.394848
33560, 0.0, 0.16280572, 9.414001
33580, 0.019153614, 0.19153613, 9.404425
33600, 0.038307227, 0.16280572, 9.452309
33620, 0.019153614, 0.20111294, 9.452309
33640, -0.019153614, 0.20111294, 9.414001
33660, -0.02873042, 0.15322891, 9.452309
33680, -0.009576807, 0.1436521, 9.433155
33700, 0.009576807, 0.21068975, 9.433155
33720, 0.019153614, 0.19153613, 9.423578
33740, -0.019153614, 0.19153613, 9.442732
33760, 0.02873042, 0.20111294, 9.423578
33780, 0.0, 0.21068975, 9.423578
33800, 0.009576807, 0.16280572, 9.423578
33820, 0.0, 0.19153613, 9.414001
33840, 0.02873042, 0.20111294, 9.452309
33860, 0.02873042, 0.16280572, 9.433155
33880, 0.019153614, 0.18195933, 9.442732
33900, 0.038307227, 0.17238252, 9.471462
33920, 0.038307227, 0.15322891, 9.461885
33940, -0.038307227, 0.095768064, 9.423578
33960, -0.019153614, 0.17238252, 9.414001
33980, 0.02873042, 0.16280572, 9.394848
34000, 0.02873042, 0.20111294, 9.404425
34020, 0.0, 0.15322891, 9.471462
34040, 0.02873042, 0.1340753, 9.442732
34060, 0.02873042, 0.16280572, 9.452309
34080, 0.009576807, 0.20111294, 9.442732
34100, 0.0, 0.19153613, 9.414001
34120, -0.019153614, 0.15322891, 9.442732
34140, 0.009576807, 0.1436521, 9.3661175
34160, 0.02873042, 0.17238252, 9.394848
34180, 0.02873042, 0.17238252, 9.442732
34200, 0.02873042, 0.18195933, 9.404425
34220, 0.02873042, 0.17238252, 9.423578
34240, -0.019153614, 0.20111294, 9.404425
34260, -0.019153614, 0.24899697, 9.414001
34280, 0.0, 0.15322891, 9.442732
34300, 0.019153614, 0.1436521, 9.394848
34320, 0.019153614, 0.19153613, 9.394848
34340, -0.019153614, 0.15322891, 9.414001
34360, 0.02873042, 0.15322891, 9.433155
34380, 0.019153614, 0.16280572, 9.442732
34400, 0.038307227, 0.20111294, 9.375694
34420, -0.02873042, 0.18195933, 9.414001
34440, -0.009576807, 0.17238252, 9.442732
34460, 0.009576807, 0.1340753, 9.433155
34480, 0.0, 0.1436521, 9.452309
34500, -0.009576807, 0.19153613, 9.404425
34520, -0.038307227, 0.17238252, 9.423578
34540, -0.019153614, 0.19153613, 9.433155
34560, 0.019153614, 0.16280572, 9.442732
34580, 0.019153614, 0.17238252, 9.452309
34600, -0.019153614, 0.16280572, 9.433155
34620, 0.009576807, 0.16280572, 9.414001
34640, 0.019153614, 0.18195933, 9.385271
34660, 0.047884032, 0.15322891, 9.423578
34680, 0.0, 0.1436521, 9.433155
34700, 0.02873042, 0.17238252, 9.442732
34720, 0.038307227, 0.21068975, 9.404425
34740, -0.019153614, 0.18195933, 9.414001
34760, 0.009576807, 0.15322891, 9.404425
34780, 0.0, 0.18195933, 9.385271
34800, 0.019153614, 0.17238252, 9.414001
34820, 0.009576807, 0.19153613, 9.414001
34840, 0.02873042, 0.16280572, 9.414001
34860, 0.0, 0.16280572, 9.404425
34880, 0.019153614, 0.17238252, 9.423578
34900, 0.05746084, 0.17238252, 9.414001
34920, 0.02873042, 0.18195933, 9.433155
34940, -0.02873042, 0.18195933, 9.433155
34960, -0.009576807, 0.20111294, 9.433155
34980, -0.019153614, 0.21068975, 9.452309
35000, 0.019153614, 0.20111294, 9.461885
35020, -0.009576807, 0.22026655, 9.423578
35040, -0.009576807, 0.15322891, 9.404425
35060, 0.0, 0.16280572, 9.423578
35080, -0.019153614, 0.15322891, 9.442732
35100, 0.02873042, 0.21068975, 9.404425
35120, 0.047884032, 0.19153613, 9.423578
35140, 0.038307227, 0.16280572, 9.414001
35160, 0.019153614, 0.17238252, 9.423578
35180, 0.0, 0.17238252, 9.442732
35200, 0.0, 0.15322891, 9.423578
35220, 0.019153614, 0.16280572, 9.442732
35240, 0.0, 0.17238252, 9.433155
35260, 0.02873042, 0.17238252, 9.423578
35280, 0.019153614, 0.18195933, 9.423578
35300, -0.009576807, 0.17238252, 9.404425
35320, 0.0, 0.19153613, 9.404425
35340, 0.05746084, 0.20111294, 9.423578
35360, 0.02873042, 0.18195933, 9.423578
35380, 0.0, 0.17238252, 9.433155
35400, 0.05746084, 0.1436521, 9.414001
35420, 0.019153614, 0.17238252, 9.414001
35440, 0.038307227, 0.1436521, 9.394848
35460, 0.019153614, 0.16280572, 9.423578
35480, 0.019153614, 0.12449849, 9.375694
35500, 0.02873042, 0.17238252, 9.404425
35520, 0.02873042, 0.1436521, 9.404425
35540, 0.05746084, 0.17238252, 9.404425
35560, -0.019153614, 0.18195933, 9.442732
35580, -0.019153614, 0.15322891, 9.461885
35600, 0.02873042, 0.18195933, 9.433155
35620, 0.019153614, 0.20111294, 9.404425
35640, 0.009576807, 0.18195933, 9.394848
35660, 0.019153614, 0.18195933, 9.394848
35680, 0.019153614, 0.17238252, 9.375694
35700, -0.009576807, 0.1436521, 9.404425
35720, 0.019153614, 0.17238252, 9.375694
35740, -0.019153614, 0.1340753, 9.442732
35760, 0.009576807, 0.12449849, 9.433155
35780, 0.038307227, 0.19153613, 9.528923
35800, 0.047884032, 0.15322891, 9.423578
35820, 0.019153614, 0.19153613, 9.375694
35840, 0.019153614, 0.1436521, 9.404425
35860, 0.02873042, 0.18195933, 9.414001
35880, -0.009576807, 0.19153613, 9.500193
35900, 0.0, 0.15322891, 9.414001
35920, 0.019153614, 0.1436521, 9.414001
35940, -0.019153614, 0.1436521, 9.414001
35960, 0.02873042, 0.1436521, 9.404425
35980, 0.019153614, 0.16280572, 9.375694
36000, 0.02873042, 0.16280572, 9.433155
36020, 0.02873042, 0.16280572, 9.423578
36040, 0.009576807, 0.1436521, 9.442732
36060, 0.019153614, 0.17238252, 9.385271
36080, 0.038307227, 0.11492168, 9.404425
36100, 0.019153614, 0.16280572, 9.461885
36120, 0.019153614, 0.17238252, 9.423578
36140, 0.02873042, 0.16280572, 9.442732
36160, 0.019153614, 0.17238252, 9.452309
36180, -0.009576807, 0.18195933, 9.481039
36200, -0.019153614, 0.1436521, 9.385271
36220, 0.05746084, 0.1436521, 9.433155
36240, 0.05746084, 0.1436521, 9.433155
36260, 0.02873042, 0.17238252, 9.394848
36280, 0.0, 0.15322891, 9.423578
36300, 0.038307227, 0.18195933, 9.442732
36320, 0.009576807, 0.1340753, 9.433155
36340, 0.02873042, 0.1436521, 9.385271
36360, 0.02873042, 0.15322891, 9.452309
36380, 0.009576807, 0.15322891, 9.423578
36400, 0.009576807, 0.16280572, 9.461885
36420, 0.009576807, 0.17238252, 9.461885
36440, 0.019153614, 0.1340753, 9.414001
36460, 0.02873042, 0.17238252, 9.442732
36480, 0.019153614, 0.19153613, 9.433155
36500, 0.0, 0.1340753, 9.423578
36520, 0.05746084, 0.16280572, 9.394848
36540, 0.05746084, 0.20111294, 9.414001
36560, 0.019153614, 0.18195933, 9.423578
36580, 0.0, 0.16280572, 9.442732
36600, 0.02873042, 0.17238252, 9.423578
36620, 0.02873042, 0.22026655, 9.423578
36640, 0.06703765, 0.17238252, 9.442732
36660, 0.019153614, 0.1340753, 9.442732
36680, 0.009576807, 0.16280572, 9.423578
36700, 0.06703765, 0.19153613, 9.404425
36720, 0.009576807, 0.18195933, 9.414001
36740, 0.0, 0.16280572, 9.404425
36760, 0.019153614, 0.16280572, 9.404425
36780, 0.038307227, 0.1436521, 9.433155
36800, -0.038307227, 0.18195933, 9.452309
36820, 0.0, 0.16280572, 9.404425
